Workbook

Sheet para
B1: value
A2: duration | B2: 24
A3: busno | B3: 298
A4: brano | B4: 331
A5: swing | B5: 7
A6: reserve | B6: 0.1
A7: dem_penalty | B7: 300
A8: price_no | B8: c1

Sheet Sheet1
A1: busno | B1: emax | C1: emin | D1: pmax | E1: R_d | F1: R_c | G1: e0 | H1: t_dis | I1: t_ch | J1: n_c | K1: n_d | L1: t_off | M1: pmin
A2: 93 | B2: 1000 | C2: =B2*0.1 -> 100 | D2: 400 | E2: =0.2*D2 -> 80 | F2: =0.15*D2 -> 60 | G2: =C2+0.2*B2 -> 300 | H2: 4 | I2: 4 | J2: 0.95 | K2: 0.95 | L2: 3 | M2: =D2*0.1 -> 40 | P2: =RANDBETWEEN(1,298) -> 209 | Q2: =RANDBETWEEN(8,20)*10 -> 140 | R2: =RANDBETWEEN(10,20) -> 19 | S2: =D2*4 -> 1600 | T2: =B2*5 -> 5000
A3: 139 | B3: 1000 | C3: =B3*0.1 -> 100 | D3: 400 | E3: =0.2*D3 -> 80 | F3: =0.15*D3 -> 60 | G3: =C3+0.2*B3 -> 300 | H3: 4 | I3: 4 | J3: 0.95 | K3: 0.95 | L3: 3 | M3: =D3*0.1 -> 40 | P3: =RANDBETWEEN(1,298) -> 183 | Q3: =RANDBETWEEN(8,20)*10 -> 120 | R3: =RANDBETWEEN(10,20) -> 20 | S3: =D3*4 -> 1600 | T3: =B3*5 -> 5000
A4: 138 | B4: 1000 | C4: =B4*0.1 -> 100 | D4: 400 | E4: =0.2*D4 -> 80 | F4: =0.15*D4 -> 60 | G4: =C4+0.2*B4 -> 300 | H4: 4 | I4: 4 | J4: 0.95 | K4: 0.95 | L4: 3 | M4: =D4*0.1 -> 40 | P4: =RANDBETWEEN(1,298) -> 131 | Q4: =RANDBETWEEN(8,20)*10 -> 160 | R4: =RANDBETWEEN(10,20) -> 12 | S4: =D4*4 -> 1600 | T4: =B4*5 -> 5000
A5: 88 | B5: 1000 | C5: =B5*0.1 -> 100 | D5: 400 | E5: =0.2*D5 -> 80 | F5: =0.15*D5 -> 60 | G5: =C5+0.2*B5 -> 300 | H5: 4 | I5: 4 | J5: 0.95 | K5: 0.95 | L5: 3 | M5: =D5*0.1 -> 40 | P5: =RANDBETWEEN(1,298) -> 136 | Q5: =RANDBETWEEN(8,20)*10 -> 90 | R5: =RANDBETWEEN(10,20) -> 13 | S5: =D5*4 -> 1600 | T5: =B5*5 -> 5000
A6: 14 | B6: 1000 | C6: =B6*0.1 -> 100 | D6: 400 | E6: =0.2*D6 -> 80 | F6: =0.15*D6 -> 60 | G6: =C6+0.2*B6 -> 300 | H6: 4 | I6: 4 | J6: 0.95 | K6: 0.95 | L6: 3 | M6: =D6*0.1 -> 40 | P6: =RANDBETWEEN(1,298) -> 109 | Q6: =RANDBETWEEN(8,20)*10 -> 170 | R6: =RANDBETWEEN(10,20) -> 11 | S6: =D6*4 -> 1600 | T6: =B6*5 -> 5000
A7: 2 | B7: 500 | C7: =B7*0.1 -> 50 | D7: 200 | E7: =0.2*D7 -> 40 | F7: =0.15*D7 -> 30 | G7: =C7+0.2*B7 -> 150 | H7: 4 | I7: 4 | J7: 0.95 | K7: 0.95 | L7: 3 | M7: =D7*0.1 -> 20 | P7: =RANDBETWEEN(1,298) -> 6 | Q7: =RANDBETWEEN(8,20)*10 -> 140 | R7: =RANDBETWEEN(10,20) -> 19 | S7: =D7*4 -> 800 | T7: =B7*5 -> 2500
A8: 12 | B8: 500 | C8: =B8*0.1 -> 50 | D8: 200 | E8: =0.2*D8 -> 40 | F8: =0.15*D8 -> 30 | G8: =C8+0.2*B8 -> 150 | H8: 4 | I8: 4 | J8: 0.95 | K8: 0.95 | L8: 3 | M8: =D8*0.1 -> 20 | P8: =RANDBETWEEN(1,298) -> 254 | Q8: =RANDBETWEEN(8,20)*10 -> 180 | R8: =RANDBETWEEN(10,20) -> 16 | S8: =D8*4 -> 800 | T8: =B8*5 -> 2500
A9: 206 | B9: 500 | C9: =B9*0.1 -> 50 | D9: 200 | E9: =0.2*D9 -> 40 | F9: =0.15*D9 -> 30 | G9: =C9+0.2*B9 -> 150 | H9: 4 | I9: 4 | J9: 0.95 | K9: 0.95 | L9: 3 | M9: =D9*0.1 -> 20 | P9: =RANDBETWEEN(1,298) -> 254 | Q9: =RANDBETWEEN(8,20)*10 -> 80 | R9: =RANDBETWEEN(10,20) -> 18 | S9: =D9*4 -> 800 | T9: =B9*5 -> 2500
A10: 83 | B10: 500 | C10: =B10*0.1 -> 50 | D10: 200 | E10: =0.2*D10 -> 40 | F10: =0.15*D10 -> 30 | G10: =C10+0.2*B10 -> 150 | H10: 4 | I10: 4 | J10: 0.95 | K10: 0.95 | L10: 3 | M10: =D10*0.1 -> 20 | P10: =RANDBETWEEN(1,298) -> 45 | Q10: =RANDBETWEEN(8,20)*10 -> 130 | R10: =RANDBETWEEN(10,20) -> 17 | S10: =D10*4 -> 800 | T10: =B10*5 -> 2500
A11: 87 | B11: 500 | C11: =B11*0.1 -> 50 | D11: 200 | E11: =0.2*D11 -> 40 | F11: =0.15*D11 -> 30 | G11: =C11+0.2*B11 -> 150 | H11: 4 | I11: 4 | J11: 0.95 | K11: 0.95 | L11: 3 | M11: =D11*0.1 -> 20 | P11: =RANDBETWEEN(1,298) -> 232 | Q11: =RANDBETWEEN(8,20)*10 -> 120 | R11: =RANDBETWEEN(10,20) -> 20 | S11: =D11*4 -> 800 | T11: =B11*5 -> 2500
A12: 188 | B12: 500 | C12: =B12*0.1 -> 50 | D12: 200 | E12: =0.2*D12 -> 40 | F12: =0.15*D12 -> 30 | G12: =C12+0.2*B12 -> 150 | H12: 4 | I12: 4 | J12: 0.95 | K12: 0.95 | L12: 3 | M12: =D12*0.1 -> 20 | P12: =RANDBETWEEN(1,298) -> 176 | Q12: =RANDBETWEEN(8,20)*10 -> 190 | R12: =RANDBETWEEN(10,20) -> 12 | S12: =D12*4 -> 800 | T12: =B12*5 -> 2500
A13: 158 | B13: 500 | C13: =B13*0.1 -> 50 | D13: 200 | E13: =0.2*D13 -> 40 | F13: =0.15*D13 -> 30 | G13: =C13+0.2*B13 -> 150 | H13: 4 | I13: 4 | J13: 0.95 | K13: 0.95 | L13: 3 | M13: =D13*0.1 -> 20 | P13: =RANDBETWEEN(1,298) -> 206 | Q13: =RANDBETWEEN(8,20)*10 -> 90 | R13: =RANDBETWEEN(10,20) -> 16 | S13: =D13*4 -> 800 | T13: =B13*5 -> 2500
... A21: 56 | B21: 500 | C21: =B21*0.1 -> 50 | D21: 120 | E21: =0.2*D21 -> 24 | F21: =0.15*D21 -> 18 | G21: =C21+0.2*B21 -> 150 | H21: 4 | I21: 4 | J21: 0.95 | K21: 0.95 | L21: 3 | M21: =D21*0.1 -> 12 | P21: =RANDBETWEEN(1,298) -> 139 | Q21: =RANDBETWEEN(8,20)*10 -> 130 | R21: =RANDBETWEEN(10,20) -> 19 | S21: =D21*4 -> 480 | T21: =B21*5 -> 2500

Sheet pumped
A1: busno | B1: emax | C1: emin | D1: pmax | E1: R_d | F1: R_c | G1: e0 | H1: t_dis | I1: t_ch | J1: n_c | K1: n_d | L1: t_off | M1: pmin
A2: 293 | B2: 1000 | C2: =B2*0.1 -> 100 | D2: 200 | E2: =0.4*D2 -> 80 | F2: =0.3*D2 -> 60 | G2: =C2+0.2*B2 -> 300 | H2: 4 | I2: 4 | J2: 0.95 | K2: 0.95 | L2: 3 | M2: =D2*0.2 -> 40 | P2: =RANDBETWEEN(1,396) -> 130 | Q2: =RANDBETWEEN(8,20)*10 -> 180 | R2: =RANDBETWEEN(10,20) -> 18 | S2: =D2*4 -> 800 | T2: =B2*5 -> 5000
A3: 380 | B3: 1000 | C3: =B3*0.1 -> 100 | D3: 200 | E3: =0.4*D3 -> 80 | F3: =0.3*D3 -> 60 | G3: =C3+0.2*B3 -> 300 | H3: 4 | I3: 4 | J3: 0.95 | K3: 0.95 | L3: 3 | M3: =D3*0.2 -> 40 | P3: =RANDBETWEEN(1,396) -> 97 | Q3: =RANDBETWEEN(8,20)*10 -> 120 | R3: =RANDBETWEEN(10,20) -> 20 | S3: =D3*4 -> 800 | T3: =B3*5 -> 5000
A4: 221 | B4: 1000 | C4: =B4*0.1 -> 100 | D4: 200 | E4: =0.4*D4 -> 80 | F4: =0.3*D4 -> 60 | G4: =C4+0.2*B4 -> 300 | H4: 4 | I4: 4 | J4: 0.95 | K4: 0.95 | L4: 3 | M4: =D4*0.2 -> 40 | P4: =RANDBETWEEN(1,396) -> 241 | Q4: =RANDBETWEEN(8,20)*10 -> 80 | R4: =RANDBETWEEN(10,20) -> 10 | S4: =D4*4 -> 800 | T4: =B4*5 -> 5000
A5: 34 | B5: 1000 | C5: =B5*0.1 -> 100 | D5: 200 | E5: =0.4*D5 -> 80 | F5: =0.3*D5 -> 60 | G5: =C5+0.2*B5 -> 300 | H5: 4 | I5: 4 | J5: 0.95 | K5: 0.95 | L5: 3 | M5: =D5*0.2 -> 40 | P5: =RANDBETWEEN(1,396) -> 348 | Q5: =RANDBETWEEN(8,20)*10 -> 120 | R5: =RANDBETWEEN(10,20) -> 10 | S5: =D5*4 -> 800 | T5: =B5*5 -> 5000
A6: 226 | B6: 1000 | C6: =B6*0.1 -> 100 | D6: 200 | E6: =0.4*D6 -> 80 | F6: =0.3*D6 -> 60 | G6: =C6+0.2*B6 -> 300 | H6: 4 | I6: 4 | J6: 0.95 | K6: 0.95 | L6: 3 | M6: =D6*0.2 -> 40 | P6: =RANDBETWEEN(1,396) -> 50 | Q6: =RANDBETWEEN(8,20)*10 -> 180 | R6: =RANDBETWEEN(10,20) -> 16 | S6: =D6*4 -> 800 | T6: =B6*5 -> 5000
A7: 55 | B7: 500 | C7: =B7*0.1 -> 50 | D7: 120 | E7: =0.4*D7 -> 48 | F7: =0.3*D7 -> 36 | G7: =C7+0.2*B7 -> 150 | H7: 4 | I7: 4 | J7: 0.95 | K7: 0.95 | L7: 3 | M7: =D7*0.2 -> 24 | P7: =RANDBETWEEN(1,396) -> 277 | Q7: =RANDBETWEEN(8,20)*10 -> 190 | R7: =RANDBETWEEN(10,20) -> 20 | S7: =D7*4 -> 480 | T7: =B7*5 -> 2500
A8: 111 | B8: 500 | C8: =B8*0.1 -> 50 | D8: 120 | E8: =0.4*D8 -> 48 | F8: =0.3*D8 -> 36 | G8: =C8+0.2*B8 -> 150 | H8: 4 | I8: 4 | J8: 0.95 | K8: 0.95 | L8: 3 | M8: =D8*0.2 -> 24 | P8: =RANDBETWEEN(1,396) -> 232 | Q8: =RANDBETWEEN(8,20)*10 -> 170 | R8: =RANDBETWEEN(10,20) -> 10 | S8: =D8*4 -> 480 | T8: =B8*5 -> 2500
A9: 79 | B9: 500 | C9: =B9*0.1 -> 50 | D9: 120 | E9: =0.4*D9 -> 48 | F9: =0.3*D9 -> 36 | G9: =C9+0.2*B9 -> 150 | H9: 4 | I9: 4 | J9: 0.95 | K9: 0.95 | L9: 3 | M9: =D9*0.2 -> 24 | P9: =RANDBETWEEN(1,396) -> 99 | Q9: =RANDBETWEEN(8,20)*10 -> 140 | R9: =RANDBETWEEN(10,20) -> 12 | S9: =D9*4 -> 480 | T9: =B9*5 -> 2500
A10: 331 | B10: 500 | C10: =B10*0.1 -> 50 | D10: 120 | E10: =0.4*D10 -> 48 | F10: =0.3*D10 -> 36 | G10: =C10+0.2*B10 -> 150 | H10: 4 | I10: 4 | J10: 0.95 | K10: 0.95 | L10: 3 | M10: =D10*0.2 -> 24 | P10: =RANDBETWEEN(1,396) -> 60 | Q10: =RANDBETWEEN(8,20)*10 -> 120 | R10: =RANDBETWEEN(10,20) -> 16 | S10: =D10*4 -> 480 | T10: =B10*5 -> 2500
A11: 381 | B11: 500 | C11: =B11*0.1 -> 50 | D11: 120 | E11: =0.4*D11 -> 48 | F11: =0.3*D11 -> 36 | G11: =C11+0.2*B11 -> 150 | H11: 4 | I11: 4 | J11: 0.95 | K11: 0.95 | L11: 3 | M11: =D11*0.2 -> 24 | P11: =RANDBETWEEN(1,396) -> 14 | Q11: =RANDBETWEEN(8,20)*10 -> 90 | R11: =RANDBETWEEN(10,20) -> 18 | S11: =D11*4 -> 480 | T11: =B11*5 -> 2500
A12: 382 | B12: 500 | C12: =B12*0.1 -> 50 | D12: 120 | E12: =0.4*D12 -> 48 | F12: =0.3*D12 -> 36 | G12: =C12+0.2*B12 -> 150 | H12: 4 | I12: 4 | J12: 0.95 | K12: 0.95 | L12: 3 | M12: =D12*0.2 -> 24 | P12: =RANDBETWEEN(1,396) -> 166 | Q12: =RANDBETWEEN(8,20)*10 -> 190 | R12: =RANDBETWEEN(10,20) -> 20 | S12: =D12*4 -> 480 | T12: =B12*5 -> 2500
A13: 294 | B13: 500 | C13: =B13*0.1 -> 50 | D13: 120 | E13: =0.4*D13 -> 48 | F13: =0.3*D13 -> 36 | G13: =C13+0.2*B13 -> 150 | H13: 4 | I13: 4 | J13: 0.95 | K13: 0.95 | L13: 3 | M13: =D13*0.2 -> 24 | P13: =RANDBETWEEN(1,396) -> 331 | Q13: =RANDBETWEEN(8,20)*10 -> 120 | R13: =RANDBETWEEN(10,20) -> 19 | S13: =D13*4 -> 480 | T13: =B13*5 -> 2500
... A21: 31 | B21: 500 | C21: =B21*0.1 -> 50 | D21: 120 | E21: =0.4*D21 -> 48 | F21: =0.3*D21 -> 36 | G21: =C21+0.2*B21 -> 150 | H21: 4 | I21: 4 | J21: 0.95 | K21: 0.95 | L21: 3 | M21: =D21*0.2 -> 24 | P21: =RANDBETWEEN(1,396) -> 272 | Q21: =RANDBETWEEN(8,20)*10 -> 150 | R21: =RANDBETWEEN(10,20) -> 10 | S21: =D21*4 -> 480 | T21: =B21*5 -> 2500

Sheet thermal
A1: busno | B1: pmax | C1: pmin | D1: ton | E1: toff | F1: r | G1: rs | H1: fixed | I1: a | J1: b | K1: c
A2: 7 | B2: 4200 | C2: =0.4*B2 -> 1680 | D2: =IF(B2>600,8,IF(B2>200,6,4)) -> 8 | E2: =D2 -> 8 | F2: =0.6*B2 -> 2520 | G2: =C2 -> 1680 | H2: 33480.32 | I2: 0.016873 | J2: 15.842 | K2: 209.252 | L2: 0.01 | M2: =ROUND(L2*RAND(),6) -> 0.003109 | N2: =L2+M2 -> 0.013109 | O2: 15 | P2: =ROUND(10*RAND(),3) -> 6.678 | Q2: =O2+P2 -> 21.678 | R2: 500 | S2: =ROUND(RAND()*R2,3) -> 244.25 | T2: =Q2+S2 -> 265.928
A3: 20 | B3: 50 | C3: =0.4*B3 -> 20 | D3: =IF(B3>600,8,IF(B3>200,6,4)) -> 4 | E3: =D3 -> 4 | F3: =0.6*B3 -> 30 | G3: =C3 -> 20 | H3: 24001.84 | I3: 0.014003 | J3: 21.314 | K3: 300.023 | L3: 0.01 | M3: =ROUND(L3*RAND(),6) -> 0.004169 | N3: =L3+M3 -> 0.014169 | O3: 15 | P3: =ROUND(10*RAND(),3) -> 7.975 | Q3: =O3+P3 -> 22.975 | R3: 500 | S3: =ROUND(RAND()*R3,3) -> 156.365 | T3: =Q3+S3 -> 179.34
A4: 23 | B4: 28 | C4: =0.4*B4 -> 11.2 | D4: =IF(B4>600,8,IF(B4>200,6,4)) -> 4 | E4: =D4 -> 4 | F4: =0.6*B4 -> 16.8 | G4: =C4 -> 11.2 | H4: 38359.76 | I4: 0.017013 | J4: 19.574 | K4: 479.497 | L4: 0.01 | M4: =ROUND(L4*RAND(),6) -> 0.004298 | N4: =L4+M4 -> 0.014298 | O4: 15 | P4: =ROUND(10*RAND(),3) -> 7.388 | Q4: =O4+P4 -> 22.388 | R4: 500 | S4: =ROUND(RAND()*R4,3) -> 362.117 | T4: =Q4+S4 -> 384.505
A5: 28 | B5: 20 | C5: =0.4*B5 -> 8 | D5: =IF(B5>600,8,IF(B5>200,6,4)) -> 4 | E5: =D5 -> 4 | F5: =0.6*B5 -> 12 | G5: =C5 -> 8 | H5: 30934.24 | I5: 0.015315 | J5: 21.162 | K5: 386.678 | L5: 0.01 | M5: =ROUND(L5*RAND(),6) -> 0.005757 | N5: =L5+M5 -> 0.015757 | O5: 15 | P5: =ROUND(10*RAND(),3) -> 2.932 | Q5: =O5+P5 -> 17.932 | R5: 500 | S5: =ROUND(RAND()*R5,3) -> 274.772 | T5: =Q5+S5 -> 292.704
A6: 30 | B6: 70 | C6: =0.4*B6 -> 28 | D6: =IF(B6>600,8,IF(B6>200,6,4)) -> 4 | E6: =D6 -> 4 | F6: =0.6*B6 -> 42 | G6: =C6 -> 28 | H6: 6643.28 | I6: 0.015429 | J6: 22.749 | K6: 83.041 | L6: 0.01 | M6: =ROUND(L6*RAND(),6) -> 0.002739 | N6: =L6+M6 -> 0.012739 | O6: 15 | P6: =ROUND(10*RAND(),3) -> 5.314 | Q6: =O6+P6 -> 20.314 | R6: 500 | S6: =ROUND(RAND()*R6,3) -> 344.758 | T6: =Q6+S6 -> 365.072
A7: 31 | B7: 22 | C7: =0.4*B7 -> 8.8 | D7: =IF(B7>600,8,IF(B7>200,6,4)) -> 4 | E7: =D7 -> 4 | F7: =0.6*B7 -> 13.2 | G7: =C7 -> 8.8 | H7: 21783.84 | I7: 0.01135 | J7: 16.138 | K7: 272.298 | L7: 0.01 | M7: =ROUND(L7*RAND(),6) -> 0.003214 | N7: =L7+M7 -> 0.013214 | O7: 15 | P7: =ROUND(10*RAND(),3) -> 0.078 | Q7: =O7+P7 -> 15.078 | R7: 500 | S7: =ROUND(RAND()*R7,3) -> 424.172 | T7: =Q7+S7 -> 439.25
A8: 33 | B8: 30 | C8: =0.4*B8 -> 12 | D8: =IF(B8>600,8,IF(B8>200,6,4)) -> 4 | E8: =D8 -> 4 | F8: =0.6*B8 -> 18 | G8: =C8 -> 12 | H8: 16090.72 | I8: 0.012851 | J8: 19.065 | K8: 201.134 | L8: 0.01 | M8: =ROUND(L8*RAND(),6) -> 0.008448 | N8: =L8+M8 -> 0.018448 | O8: 15 | P8: =ROUND(10*RAND(),3) -> 8.503 | Q8: =O8+P8 -> 23.503 | R8: 500 | S8: =ROUND(RAND()*R8,3) -> 2.701 | T8: =Q8+S8 -> 26.204
A9: 35 | B9: 390 | C9: =0.4*B9 -> 156 | D9: =IF(B9>600,8,IF(B9>200,6,4)) -> 6 | E9: =D9 -> 6 | F9: =0.6*B9 -> 234 | G9: =C9 -> 156 | H9: 47327.16 | I9: 0.017094 | J9: 17.767 | K9: 394.393 | L9: 0.01 | M9: =ROUND(L9*RAND(),6) -> 0.005167 | N9: =L9+M9 -> 0.015167 | O9: 15 | P9: =ROUND(10*RAND(),3) -> 5.902 | Q9: =O9+P9 -> 20.902 | R9: 500 | S9: =ROUND(RAND()*R9,3) -> 82.144 | T9: =Q9+S9 -> 103.046
A10: 37 | B10: 22 | C10: =0.4*B10 -> 8.8 | D10: =IF(B10>600,8,IF(B10>200,6,4)) -> 4 | E10: =D10 -> 4 | F10: =0.6*B10 -> 13.2 | G10: =C10 -> 8.8 | H10: 29455.04 | I10: 0.017959 | J10: 18.167 | K10: 368.188 | L10: 0.01 | M10: =ROUND(L10*RAND(),6) -> 0.003006 | N10: =L10+M10 -> 0.013006 | O10: 15 | P10: =ROUND(10*RAND(),3) -> 3.187 | Q10: =O10+P10 -> 18.187 | R10: 500 | S10: =ROUND(RAND()*R10,3) -> 419.114 | T10: =Q10+S10 -> 437.301
A11: 43 | B11: 152 | C11: =0.4*B11 -> 60.8 | D11: =IF(B11>600,8,IF(B11>200,6,4)) -> 4 | E11: =D11 -> 4 | F11: =0.6*B11 -> 91.2 | G11: =C11 -> 60.8 | H11: 11319.76 | I11: 0.01024 | J11: 20.577 | K11: 141.497 | L11: 0.01 | M11: =ROUND(L11*RAND(),6) -> 0.004372 | N11: =L11+M11 -> 0.014372 | O11: 15 | P11: =ROUND(10*RAND(),3) -> 7.585 | Q11: =O11+P11 -> 22.585 | R11: 500 | S11: =ROUND(RAND()*R11,3) -> 204.731 | T11: =Q11+S11 -> 227.316
A12: 44 | B12: 280 | C12: =0.4*B12 -> 112 | D12: =IF(B12>600,8,IF(B12>200,6,4)) -> 6 | E12: =D12 -> 6 | F12: =0.6*B12 -> 168 | G12: =C12 -> 112 | H12: 44864.16 | I12: 0.011653 | J12: 16.638 | K12: 373.868 | L12: 0.01 | M12: =ROUND(L12*RAND(),6) -> 0.001132 | N12: =L12+M12 -> 0.011132 | O12: 15 | P12: =ROUND(10*RAND(),3) -> 1.622 | Q12: =O12+P12 -> 16.622 | R12: 500 | S12: =ROUND(RAND()*R12,3) -> 287.03 | T12: =Q12+S12 -> 303.652
A13: 46 | B13: 270 | C13: =0.4*B13 -> 108 | D13: =IF(B13>600,8,IF(B13>200,6,4)) -> 6 | E13: =D13 -> 6 | F13: =0.6*B13 -> 162 | G13: =C13 -> 108 | H13: 45719.16 | I13: 0.010742 | J13: 23.536 | K13: 380.993 | L13: 0.01 | M13: =ROUND(L13*RAND(),6) -> 0.003596 | N13: =L13+M13 -> 0.013596 | O13: 15 | P13: =ROUND(10*RAND(),3) -> 4.956 | Q13: =O13+P13 -> 19.956 | R13: 500 | S13: =ROUND(RAND()*R13,3) -> 166.53 | T13: =Q13+S13 -> 186.486
... A102: 289 | B102: 1320 | C102: =0.4*B102 -> 528 | D102: =IF(B102>600,8,IF(B102>200,6,4)) -> 8 | E102: =D102 -> 8 | F102: =0.6*B102 -> 792 | G102: =C102 -> 528 | H102: 29067.04 | I102: 0.011026 | J102: 21.901 | K102: 181.669 | L102: 0.01 | M102: =ROUND(L102*RAND(),6) -> 0.003954 | N102: =L102+M102 -> 0.013954 | O102: 15 | P102: =ROUND(10*RAND(),3) -> 8.435 | Q102: =O102+P102 -> 23.435 | R102: 500 | S102: =ROUND(RAND()*R102,3) -> 284.768 | T102: =Q102+S102 -> 308.203

Sheet bus
A1: 1 | B1: 1
A2: 2 | B2: 2
A3: 3 | B3: 3
A4: 4 | B4: 4
A5: 5 | B5: 5
A6: 6 | B6: 6
A7: 7 | B7: 7
A8: 8 | B8: 8
A9: 9 | B9: 9
A10: 10 | B10: 10
A11: 11 | B11: 11
A12: 12 | B12: 12
... A298: 298 | B298: 298

Sheet bra
A1: b1 | B1: b2 | C1: r | D1: x | E1: g | F1: s
A2: 3 | B2: 7 | C2: 0.000149 | D2: 0.003158 | E2: 2.09988 | F2: =J2 -> 1404 | G2: =VLOOKUP(A2,load!A:C,3,0) -> 0 | H2: =VLOOKUP(B2,load!A:C,3,0) -> 0 | I2: =(G2+H2)+1300 -> 1300 | J2: =ROUND(I2/100,0)*108 -> 1404
A3: 8 | B3: 7 | C3: 0 | D3: 0.029 | E3: 0 | F3: =J3 -> 1404 | G3: =VLOOKUP(A3,load!A:C,3,0) -> 0 | H3: =VLOOKUP(B3,load!A:C,3,0) -> 0 | I3: =(G3+H3)+1300 -> 1300 | J3: =ROUND(I3/100,0)*108 -> 1404
A4: 1 | B4: 3 | C4: 0 | D4: 0.044 | E4: 0 | F4: =J4 -> 1404 | G4: =VLOOKUP(A4,load!A:C,3,0) -> 0 | H4: =VLOOKUP(B4,load!A:C,3,0) -> 0 | I4: =(G4+H4)+1300 -> 1300 | J4: =ROUND(I4/100,0)*108 -> 1404
A5: 10 | B5: 8 | C5: 0.000383 | D5: 0.007644 | E5: 5.07522 | F5: =J5 -> 1404 | G5: =VLOOKUP(A5,load!A:C,3,0) -> 0 | H5: =VLOOKUP(B5,load!A:C,3,0) -> 0 | I5: =(G5+H5)+1300 -> 1300 | J5: =ROUND(I5/100,0)*108 -> 1404
A6: 9 | B6: 10 | C6: 0 | D6: 0.015 | E6: 0 | F6: =J6 -> 1404 | G6: =VLOOKUP(A6,load!A:C,3,0) -> 0 | H6: =VLOOKUP(B6,load!A:C,3,0) -> 0 | I6: =(G6+H6)+1300 -> 1300 | J6: =ROUND(I6/100,0)*108 -> 1404
A7: 12 | B7: 10 | C7: 0 | D7: 0.035 | E7: 0 | F7: =J7 -> 1404 | G7: =VLOOKUP(A7,load!A:C,3,0) -> 0 | H7: =VLOOKUP(B7,load!A:C,3,0) -> 0 | I7: =(G7+H7)+1300 -> 1300 | J7: =ROUND(I7/100,0)*108 -> 1404
A8: 293 | B8: 10 | C8: 0.000298 | D8: 0.006306 | E8: 4.19326 | F8: =J8 -> 2700 | G8: =VLOOKUP(A8,load!A:C,3,0) -> 1186.2 | H8: =VLOOKUP(B8,load!A:C,3,0) -> 0 | I8: =(G8+H8)+1300 -> 2486.2 | J8: =ROUND(I8/100,0)*108 -> 2700
A9: 1 | B9: 4 | C9: 0 | D9: 0.04 | E9: 0 | F9: =J9 -> 1404 | G9: =VLOOKUP(A9,load!A:C,3,0) -> 0 | H9: =VLOOKUP(B9,load!A:C,3,0) -> 0 | I9: =(G9+H9)+1300 -> 1300 | J9: =ROUND(I9/100,0)*108 -> 1404
A10: 9 | B10: 4 | C10: 0.000433 | D10: 0.006546 | E10: 4.13464 | F10: =J10 -> 1404 | G10: =VLOOKUP(A10,load!A:C,3,0) -> 0 | H10: =VLOOKUP(B10,load!A:C,3,0) -> 0 | I10: =(G10+H10)+1300 -> 1300 | J10: =ROUND(I10/100,0)*108 -> 1404
A11: 5 | B11: 1 | C11: 0.00015 | D11: 0.003005 | E11: 2.014756 | F11: =J11 -> 1404 | G11: =VLOOKUP(A11,load!A:C,3,0) -> 0 | H11: =VLOOKUP(B11,load!A:C,3,0) -> 0 | I11: =(G11+H11)+1300 -> 1300 | J11: =ROUND(I11/100,0)*108 -> 1404
A12: 251 | B12: 1 | C12: 0.000216 | D12: 0.005996 | E12: 3.99858 | F12: =J12 -> 1404 | G12: =VLOOKUP(A12,load!A:C,3,0) -> 0 | H12: =VLOOKUP(B12,load!A:C,3,0) -> 0 | I12: =(G12+H12)+1300 -> 1300 | J12: =ROUND(I12/100,0)*108 -> 1404
A13: 119 | B13: 5 | C13: 0 | D13: 0.04 | E13: 0 | F13: =J13 -> 1404 | G13: =VLOOKUP(A13,load!A:C,3,0) -> 0 | H13: =VLOOKUP(B13,load!A:C,3,0) -> 0 | I13: =(G13+H13)+1300 -> 1300 | J13: =ROUND(I13/100,0)*108 -> 1404
... A332: 291 | B332: 285 | C332: 0.0009 | D332: 0.045 | E332: 0 | F332: =J332 -> 1404 | G332: =VLOOKUP(A332,load!A:C,3,0) -> 16.2 | H332: =VLOOKUP(B332,load!A:C,3,0) -> 0 | I332: =(G332+H332)+1300 -> 1316.2 | J332: =ROUND(I332/100,0)*108 -> 1404

Sheet load
A1: busno | B1: curveno | C1: rt
A2: 1 | B2: c1 | C2: 0 | D2: =ROUND(C2*0.8,1) -> 0
A3: 2 | B3: c1 | C3: 0 | D3: =ROUND(C3*0.8,1) -> 0
A4: 3 | B4: c1 | C4: 0 | D4: =ROUND(C4*0.8,1) -> 0
A5: 4 | B5: c1 | C5: 0 | D5: =ROUND(C5*0.8,1) -> 0
A6: 5 | B6: c1 | C6: 0 | D6: =ROUND(C6*0.8,1) -> 0
A7: 6 | B7: c1 | C7: 0 | D7: =ROUND(C7*0.8,1) -> 0
A8: 7 | B8: c1 | C8: 0 | D8: =ROUND(C8*0.8,1) -> 0
A9: 8 | B9: c1 | C9: 0 | D9: =ROUND(C9*0.8,1) -> 0
A10: 9 | B10: c1 | C10: 0 | D10: =ROUND(C10*0.8,1) -> 0
A11: 10 | B11: c1 | C11: 0 | D11: =ROUND(C11*0.8,1) -> 0
A12: 11 | B12: c1 | C12: 0 | D12: =ROUND(C12*0.8,1) -> 0
A13: 12 | B13: c1 | C13: 0 | D13: =ROUND(C13*0.8,1) -> 0
... A299: 298 | B299: c1 | C299: 399 | D299: =ROUND(C299*0.8,1) -> 319.2

Sheet loadc
A1: c1
A2: 0.58898037 | B2: 0 | C2: 0 | D2: 1 | E2: 742 | F2: =E2/MAX($E$2:$E$25) -> 0.48687664 | G2: 0.66498424 | H2: 0.52565347 | I2: 3614.9725 | J2: =E2+RANDBETWEEN(-E2/10,E2/10) -> 678
A3: 0.59151362 | B3: 1 | C3: 0 | D3: 1 | E3: 694 | F3: =E3/MAX($E$2:$E$25) -> 0.45538058 | G3: 0.63561558 | H3: 0.49767279 | I3: 3422.5465 | J3: =E3+RANDBETWEEN(-E3/10,E3/10) -> 682
A4: 0.73464218 | B4: 2 | C4: 0 | D4: 1 | E4: 755 | F4: =E4/MAX($E$2:$E$25) -> 0.49540682 | G4: 0.59979654 | H4: 0.48210999 | I4: 3315.5196 | J4: =E4+RANDBETWEEN(-E4/10,E4/10) -> 788
A5: 0.65737809 | B5: 3 | C5: 0 | D5: 1 | E5: 896 | F5: =E5/MAX($E$2:$E$25) -> 0.58792651 | G5: 0.60711051 | H5: 0.4742834 | I5: 3261.6953 | J5: =E5+RANDBETWEEN(-E5/10,E5/10) -> 915
A6: 0.8030399 | B6: 4 | C6: 0 | D6: 1 | E6: 1072 | F6: =E6/MAX($E$2:$E$25) -> 0.70341207 | G6: 0.59641118 | H6: 0.47958383 | I6: 3298.1469 | J6: =E6+RANDBETWEEN(-E6/10,E6/10) -> 1149
A7: 0.84863838 | B7: 5 | C7: 0 | D7: 1 | E7: 911 | F7: =E7/MAX($E$2:$E$25) -> 0.59776903 | G7: 0.62400487 | H7: 0.49723001 | I7: 3419.5015 | J7: =E7+RANDBETWEEN(-E7/10,E7/10) -> 831
A8: 0.83343889 | B8: 6 | C8: 0 | D8: 1 | E8: 1370 | F8: =E8/MAX($E$2:$E$25) -> 0.89895013 | G8: 0.65396901 | H8: 0.51863639 | I8: 3575.4175 | J8: =E8+RANDBETWEEN(-E8/10,E8/10) -> 1293
A9: 0.85560481 | B9: 7 | C9: 0 | D9: 1 | E9: 1421 | F9: =E9/MAX($E$2:$E$25) -> 0.9324147 | G9: 0.63017015 | H9: 0.541395 | I9: 3775.4175 | J9: =E9+RANDBETWEEN(-E9/10,E9/10) -> 1515
A10: 0.85623813 | B10: 8 | C10: 0 | D10: 1 | E10: 1309 | F10: =E10/MAX($E$2:$E$25) -> 0.85892388 | G10: 0.53598256 | H10: 0.57028203 | I10: 3912.5039 | J10: =E10+RANDBETWEEN(-E10/10,E10/10) -> 1351
A11: 0.94680177 | B11: 9 | C11: 0 | D11: 1 | E11: 1187 | F11: =E11/MAX($E$2:$E$25) -> 0.77887139 | G11: 0.47394155 | H11: 0.59443619 | I11: 4085.9813 | J11: =E11+RANDBETWEEN(-E11/10,E11/10) -> 1146
A12: 0.82013933 | B12: 10 | C12: 0 | D12: 1 | E12: 1429 | F12: =E12/MAX($E$2:$E$25) -> 0.93766404 | G12: 0.45281839 | H12: 0.60890378 | I12: 4233.7891 | J12: =E12+RANDBETWEEN(-E12/10,E12/10) -> 1376
A13: 0.78340722 | B13: 11 | C13: 0 | D13: 1 | E13: 1524 | F13: =E13/MAX($E$2:$E$25) -> 1 | G13: 0.44003827 | H13: 0.61509828 | I13: 4383.7891 | J13: =E13+RANDBETWEEN(-E13/10,E13/10) -> 1424
... A25: 0.58581381 | B25: 23 | C25: 0 | D25: 1 | E25: 779 | F25: =E25/MAX($E$2:$E$25) -> 0.51115486 | G25: 0.7426956 | H25: 0.569907 | I25: 3919.3086 | J25: =E25+RANDBETWEEN(-E25/10,E25/10) -> 764
A26: 0.73933397 | B26: 24 | C26: 1 | D26: 2 | E26: 808 | F26: =E26/MAX($E$2:$E$25) -> 0.53018373 | J26: =E26+RANDBETWEEN(-E26/10,E26/10) -> 844
A27: 0.70385211 | B27: 25 | C27: 1 | D27: 2 | E27: 782 | F27: =E27/MAX($E$2:$E$25) -> 0.51312336 | J27: =E27+RANDBETWEEN(-E27/10,E27/10) -> 820
A28: 0.5921752 | B28: 26 | C28: 1 | D28: 2 | E28: 947 | F28: =E28/MAX($E$2:$E$25) -> 0.62139108 | J28: =E28+RANDBETWEEN(-E28/10,E28/10) -> 872
A29: 0.46243613 | B29: 27 | C29: 1 | D29: 2 | E29: 989 | F29: =E29/MAX($E$2:$E$25) -> 0.64895013 | J29: =E29+RANDBETWEEN(-E29/10,E29/10) -> 1036
A30: 0.35665919 | B30: 28 | C30: 1 | D30: 2 | E30: 791 | F30: =E30/MAX($E$2:$E$25) -> 0.51902887 | J30: =E30+RANDBETWEEN(-E30/10,E30/10) -> 824
A31: 0.35821797 | B31: 29 | C31: 1 | D31: 2 | E31: 989 | F31: =E31/MAX($E$2:$E$25) -> 0.64895013 | J31: =E31+RANDBETWEEN(-E31/10,E31/10) -> 945
A32: 0.33674588 | B32: 30 | C32: 1 | D32: 2 | E32: 1234 | F32: =E32/MAX($E$2:$E$25) -> 0.80971129 | J32: =E32+RANDBETWEEN(-E32/10,E32/10) -> 1212
A33: 0.33120905 | B33: 31 | C33: 1 | D33: 2 | E33: 1232 | F33: =E33/MAX($E$2:$E$25) -> 0.80839895 | J33: =E33+RANDBETWEEN(-E33/10,E33/10) -> 1348
A34: 0.33792552 | B34: 32 | C34: 1 | D34: 2 | E34: 1287 | F34: =E34/MAX($E$2:$E$25) -> 0.84448819 | J34: =E34+RANDBETWEEN(-E34/10,E34/10) -> 1393
A35: 0.3503301 | B35: 33 | C35: 1 | D35: 2 | E35: 1599 | F35: =E35/MAX($E$2:$E$25) -> 1.0492126 | J35: =E35+RANDBETWEEN(-E35/10,E35/10) -> 1611
A36: 0.41695701 | B36: 34 | C36: 1 | D36: 2 | E36: 1448 | F36: =E36/MAX($E$2:$E$25) -> 0.95013123 | J36: =E36+RANDBETWEEN(-E36/10,E36/10) -> 1559
A37: 0.44307998 | B37: 35 | C37: 1 | D37: 2 | E37: 1490 | F37: =E37/MAX($E$2:$E$25) -> 0.97769029 | J37: =E37+RANDBETWEEN(-E37/10,E37/10) -> 1365
... A8713: 0.54844839 | B8713: 8735 | C8713: 363 | D8713: 364 | E8713: 890 | F8713: =E8713/MAX($E$2:$E$25) -> 0.5839895 | J8713: =E8713+RANDBETWEEN(-E8713/10,E8713/10) -> 816
A8714: 0 | E8714: 0 | F8714: =E8714/MAX($E$2:$E$25) -> 0 | J8714: =E8714+RANDBETWEEN(-E8714/10,E8714/10) -> 0

Sheet price
B1: base | C1: error | D1: temp | E1: c1
A2: 1 | B2: 10 | C2: =RAND() -> 0.28131624 | D2: =B2+C2*B2*5 -> 24.065812 | E2: 48.383049
A3: 2 | B3: 10 | C3: =RAND() -> 0.86319446 | D3: =B3+C3*B3*5 -> 53.159723 | E3: 21.198217
A4: 3 | B4: 10 | C4: =RAND() -> 0.9804208 | D4: =B4+C4*B4*5 -> 59.02104 | E4: 56.383566
A5: 4 | B5: 10 | C5: =RAND() -> 0.75394417 | D5: =B5+C5*B5*5 -> 47.697208 | E5: 45.573748
A6: 5 | B6: 10 | C6: =RAND() -> 0.87739024 | D6: =B6+C6*B6*5 -> 53.869512 | E6: 29.989831
A7: 6 | B7: 10 | C7: =RAND() -> 0.34250128 | D7: =B7+C7*B7*5 -> 27.125064 | E7: 16.245827
A8: 7 | B8: 10 | C8: =RAND() -> 0.27502114 | D8: =B8+C8*B8*5 -> 23.751057 | E8: 48.632669
A9: 8 | B9: 10 | C9: =RAND() -> 0.7619906 | D9: =B9+C9*B9*5 -> 48.09953 | E9: 21.450266
A10: 9 | B10: 10 | C10: =RAND() -> 0.83748087 | D10: =B10+C10*B10*5 -> 51.874044 | E10: 31.26889
A11: 10 | B11: 10 | C11: =RAND() -> 0.75146844 | D11: =B11+C11*B11*5 -> 47.573422 | E11: 41.616438
A12: 11 | B12: 10 | C12: =RAND() -> 0.696766 | D12: =B12+C12*B12*5 -> 44.8383 | E12: 34.594066
A13: 12 | B13: 10 | C13: =RAND() -> 0.068902081 | D13: =B13+C13*B13*5 -> 13.445104 | E13: 41.422068
... A8737: 8736 | B8737: 10 | C8737: =RAND() -> 0.58951362 | D8737: =B8737+C8737*B8737*5 -> 39.475681 | E8737: 53.277126
