Workbook

Sheet para
B1: value
A2: duration | B2: 24
A3: busno | B3: 230
A4: brano | B4: 267
A5: swing | B5: 3
A6: reserve | B6: 0.1
A7: dem_penalty | B7: 300
A8: price_no | B8: c1

Sheet pumped
A1: busno | B1: emax | C1: emin | D1: pmax | E1: R_d | F1: R_c | G1: e0 | H1: t_dis | I1: t_ch | J1: n_c | K1: n_d | L1: t_off | M1: pmin | N1: isFix
A2: 10 | B2: 1000 | C2: =B2*0.2 -> 200 | D2: 200 | E2: =0.25*D2 -> 50 | F2: =0.2*D2 -> 40 | G2: =C2+0.2*B2 -> 400 | H2: 4 | I2: 4 | J2: 0.95 | K2: 0.95 | L2: 2 | M2: =D2*0.2 -> 40 | N2: 0 | P2: =B2*4 -> 4000 | Q2: =RANDBETWEEN(1,230) -> 150 | R2: =RANDBETWEEN(8,20)*10 -> 110 | S2: =RANDBETWEEN(10,20) -> 12 | T2: =D2*4 -> 800 | U2: =B2*5 -> 5000
A3: 208 | B3: 1000 | C3: =B3*0.2 -> 200 | D3: 200 | E3: =0.25*D3 -> 50 | F3: =0.2*D3 -> 40 | G3: =C3+0.2*B3 -> 400 | H3: 4 | I3: 4 | J3: 0.95 | K3: 0.95 | L3: 2 | M3: =D3*0.2 -> 40 | N3: 0 | P3: =B3*4 -> 4000 | Q3: =RANDBETWEEN(1,230) -> 129 | R3: =RANDBETWEEN(8,20)*10 -> 120 | S3: =RANDBETWEEN(10,20) -> 10 | T3: =D3*4 -> 800 | U3: =B3*5 -> 5000
A4: 210 | B4: 1000 | C4: =B4*0.2 -> 200 | D4: 200 | E4: =0.25*D4 -> 50 | F4: =0.2*D4 -> 40 | G4: =C4+0.2*B4 -> 400 | H4: 4 | I4: 4 | J4: 0.95 | K4: 0.95 | L4: 2 | M4: =D4*0.2 -> 40 | N4: 0 | P4: =B4*4 -> 4000 | Q4: =RANDBETWEEN(1,230) -> 38 | R4: =RANDBETWEEN(8,20)*10 -> 120 | S4: =RANDBETWEEN(10,20) -> 13 | T4: =D4*4 -> 800 | U4: =B4*5 -> 5000
A5: 178 | B5: 1000 | C5: =B5*0.2 -> 200 | D5: 200 | E5: =0.25*D5 -> 50 | F5: =0.2*D5 -> 40 | G5: =C5+0.2*B5 -> 400 | H5: 4 | I5: 4 | J5: 0.95 | K5: 0.95 | L5: 2 | M5: =D5*0.2 -> 40 | N5: 0 | P5: =B5*4 -> 4000 | Q5: =RANDBETWEEN(1,230) -> 103 | R5: =RANDBETWEEN(8,20)*10 -> 180 | S5: =RANDBETWEEN(10,20) -> 19 | T5: =D5*4 -> 800 | U5: =B5*5 -> 5000
A6: 109 | B6: 2000 | C6: =B6*0.2 -> 400 | D6: 200 | E6: =0.25*D6 -> 50 | F6: =0.2*D6 -> 40 | G6: =C6+0.2*B6 -> 800 | H6: 4 | I6: 4 | J6: 0.95 | K6: 0.95 | L6: 2 | M6: =D6*0.2 -> 40 | N6: 0 | P6: =B6*4 -> 8000 | Q6: =RANDBETWEEN(1,230) -> 214 | R6: =RANDBETWEEN(8,20)*10 -> 90 | S6: =RANDBETWEEN(10,20) -> 10 | T6: =D6*4 -> 800 | U6: =B6*5 -> 10000
A7: 146 | B7: 2000 | C7: =B7*0.2 -> 400 | D7: 200 | E7: =0.25*D7 -> 50 | F7: =0.2*D7 -> 40 | G7: =C7+0.2*B7 -> 800 | H7: 4 | I7: 4 | J7: 0.95 | K7: 0.95 | L7: 2 | M7: =D7*0.2 -> 40 | N7: 0 | P7: =B7*4 -> 8000 | Q7: =RANDBETWEEN(1,230) -> 48 | R7: =RANDBETWEEN(8,20)*10 -> 100 | S7: =RANDBETWEEN(10,20) -> 15 | T7: =D7*4 -> 800 | U7: =B7*5 -> 10000
A8: 68 | B8: 1000 | C8: =B8*0.2 -> 200 | D8: 120 | E8: =0.25*D8 -> 30 | F8: =0.2*D8 -> 24 | G8: =C8+0.2*B8 -> 400 | H8: 4 | I8: 4 | J8: 0.95 | K8: 0.95 | L8: 2 | M8: =D8*0.2 -> 24 | N8: 0 | P8: =B8*4 -> 4000 | Q8: =RANDBETWEEN(1,230) -> 9 | R8: =RANDBETWEEN(8,20)*10 -> 180 | S8: =RANDBETWEEN(10,20) -> 20 | T8: =D8*4 -> 480 | U8: =B8*5 -> 5000
A9: 19 | B9: 1000 | C9: =B9*0.2 -> 200 | D9: 120 | E9: =0.25*D9 -> 30 | F9: =0.2*D9 -> 24 | G9: =C9+0.2*B9 -> 400 | H9: 4 | I9: 4 | J9: 0.95 | K9: 0.95 | L9: 2 | M9: =D9*0.2 -> 24 | N9: 0 | P9: =B9*4 -> 4000 | Q9: =RANDBETWEEN(1,230) -> 165 | R9: =RANDBETWEEN(8,20)*10 -> 90 | S9: =RANDBETWEEN(10,20) -> 14 | T9: =D9*4 -> 480 | U9: =B9*5 -> 5000
A10: 129 | B10: 1000 | C10: =B10*0.2 -> 200 | D10: 120 | E10: =0.25*D10 -> 30 | F10: =0.2*D10 -> 24 | G10: =C10+0.2*B10 -> 400 | H10: 4 | I10: 4 | J10: 0.95 | K10: 0.95 | L10: 2 | M10: =D10*0.2 -> 24 | N10: 0 | P10: =B10*4 -> 4000 | Q10: =RANDBETWEEN(1,230) -> 224 | R10: =RANDBETWEEN(8,20)*10 -> 160 | S10: =RANDBETWEEN(10,20) -> 14 | T10: =D10*4 -> 480 | U10: =B10*5 -> 5000
A11: 93 | B11: 1000 | C11: =B11*0.2 -> 200 | D11: 120 | E11: =0.25*D11 -> 30 | F11: =0.2*D11 -> 24 | G11: =C11+0.2*B11 -> 400 | H11: 4 | I11: 4 | J11: 0.95 | K11: 0.95 | L11: 2 | M11: =D11*0.2 -> 24 | N11: 0 | P11: =B11*4 -> 4000 | Q11: =RANDBETWEEN(1,230) -> 59 | R11: =RANDBETWEEN(8,20)*10 -> 120 | S11: =RANDBETWEEN(10,20) -> 20 | T11: =D11*4 -> 480 | U11: =B11*5 -> 5000
A12: 164 | B12: 2000 | C12: =B12*0.2 -> 400 | D12: 200 | E12: =0.25*D12 -> 50 | F12: =0.2*D12 -> 40 | G12: =C12+0.2*B12 -> 800 | H12: 4 | I12: 4 | J12: 0.95 | K12: 0.95 | L12: 3 | M12: =D12*0.2 -> 40 | N12: 0 | P12: =B12*4 -> 8000 | Q12: =RANDBETWEEN(1,230) -> 12
A13: 143 | B13: 2000 | C13: =B13*0.2 -> 400 | D13: 200 | E13: =0.25*D13 -> 50 | F13: =0.2*D13 -> 40 | G13: =C13+0.2*B13 -> 800 | H13: 4 | I13: 4 | J13: 0.95 | K13: 0.95 | L13: 3 | M13: =D13*0.2 -> 40 | N13: 0 | P13: =B13*4 -> 8000 | Q13: =RANDBETWEEN(1,230) -> 197
A14: 226 | B14: 2000 | C14: =B14*0.2 -> 400 | D14: 200 | E14: =0.25*D14 -> 50 | F14: =0.2*D14 -> 40 | G14: =C14+0.2*B14 -> 800 | H14: 4 | I14: 4 | J14: 0.95 | K14: 0.95 | L14: 3 | M14: =D14*0.2 -> 40 | N14: 0 | P14: =B14*4 -> 8000 | Q14: =RANDBETWEEN(1,230) -> 34
A15: 182 | B15: 2000 | C15: =B15*0.2 -> 400 | D15: 200 | E15: =0.25*D15 -> 50 | F15: =0.2*D15 -> 40 | G15: =C15+0.2*B15 -> 800 | H15: 4 | I15: 4 | J15: 0.95 | K15: 0.95 | L15: 3 | M15: =D15*0.2 -> 40 | N15: 0 | P15: =B15*4 -> 8000 | Q15: =RANDBETWEEN(1,230) -> 229
A16: 75 | B16: 2000 | C16: =B16*0.2 -> 400 | D16: 200 | E16: =0.25*D16 -> 50 | F16: =0.2*D16 -> 40 | G16: =C16+0.2*B16 -> 800 | H16: 4 | I16: 4 | J16: 0.95 | K16: 0.95 | L16: 3 | M16: =D16*0.2 -> 40 | N16: 0 | P16: =B16*4 -> 8000 | Q16: =RANDBETWEEN(1,230) -> 26
A17: 14 | B17: 1000 | C17: =B17*0.2 -> 200 | D17: 120 | E17: =0.25*D17 -> 30 | F17: =0.2*D17 -> 24 | G17: =C17+0.2*B17 -> 400 | H17: 4 | I17: 4 | J17: 0.95 | K17: 0.95 | L17: 3 | M17: =D17*0.2 -> 24 | N17: 0 | P17: =B17*4 -> 4000 | Q17: =RANDBETWEEN(1,230) -> 66
A18: 198 | B18: 1000 | C18: =B18*0.2 -> 200 | D18: 120 | E18: =0.25*D18 -> 30 | F18: =0.2*D18 -> 24 | G18: =C18+0.2*B18 -> 400 | H18: 4 | I18: 4 | J18: 0.95 | K18: 0.95 | L18: 3 | M18: =D18*0.2 -> 24 | N18: 0 | P18: =B18*4 -> 4000 | Q18: =RANDBETWEEN(1,230) -> 45
A19: 7 | B19: 1000 | C19: =B19*0.2 -> 200 | D19: 120 | E19: =0.25*D19 -> 30 | F19: =0.2*D19 -> 24 | G19: =C19+0.2*B19 -> 400 | H19: 4 | I19: 4 | J19: 0.95 | K19: 0.95 | L19: 3 | M19: =D19*0.2 -> 24 | N19: 0 | P19: =B19*4 -> 4000 | Q19: =RANDBETWEEN(1,230) -> 186
A20: 22 | B20: 1000 | C20: =B20*0.2 -> 200 | D20: 120 | E20: =0.25*D20 -> 30 | F20: =0.2*D20 -> 24 | G20: =C20+0.2*B20 -> 400 | H20: 4 | I20: 4 | J20: 0.95 | K20: 0.95 | L20: 3 | M20: =D20*0.2 -> 24 | N20: 0 | P20: =B20*4 -> 4000 | Q20: =RANDBETWEEN(1,230) -> 84
A21: 31 | B21: 1000 | C21: =B21*0.2 -> 200 | D21: 120 | E21: =0.25*D21 -> 30 | F21: =0.2*D21 -> 24 | G21: =C21+0.2*B21 -> 400 | H21: 4 | I21: 4 | J21: 0.95 | K21: 0.95 | L21: 3 | M21: =D21*0.2 -> 24 | N21: 0 | P21: =B21*4 -> 4000 | Q21: =RANDBETWEEN(1,230) -> 183
A22: 77 | B22: 1000 | C22: =B22*0.2 -> 200 | D22: 120 | E22: =0.25*D22 -> 30 | F22: =0.2*D22 -> 24 | G22: =C22+0.2*B22 -> 400 | H22: 4 | I22: 4 | J22: 0.95 | K22: 0.95 | L22: 3 | M22: =D22*0.2 -> 24 | N22: 0 | P22: =B22*4 -> 4000 | Q22: =RANDBETWEEN(1,230) -> 156
A23: 164 | B23: 1000 | C23: =B23*0.2 -> 200 | D23: 120 | E23: =0.25*D23 -> 30 | F23: =0.2*D23 -> 24 | G23: =C23+0.2*B23 -> 400 | H23: 4 | I23: 4 | J23: 0.95 | K23: 0.95 | L23: 3 | M23: =D23*0.2 -> 24 | N23: 0 | P23: =B23*4 -> 4000 | Q23: =RANDBETWEEN(1,230) -> 107
... A31: 124 | B31: 1000 | C31: =B31*0.2 -> 200 | D31: 120 | E31: =0.25*D31 -> 30 | F31: =0.2*D31 -> 24 | G31: =C31+0.2*B31 -> 400 | H31: 4 | I31: 4 | J31: 0.95 | K31: 0.95 | L31: 3 | M31: =D31*0.2 -> 24 | N31: 0 | P31: =B31*4 -> 4000 | Q31: =RANDBETWEEN(1,230) -> 226

Sheet thermal
A1: busno | B1: pmax | C1: pmin | D1: ton | E1: toff | F1: r | G1: rs | H1: fixed | I1: a | J1: b | K1: c
A2: 3 | B2: 2000 | C2: =0.4*B2 -> 800 | D2: =IF(B2>600,8,IF(B2>200,6,4)) -> 8 | E2: =D2 -> 8 | F2: =0.6*B2 -> 1200 | G2: =C2 -> 800 | H2: 6705.44 | I2: 0.013826 | J2: 16.835 | K2: 41.909 | L2: 0.01 | M2: =ROUND(L2*RAND(),6) -> 0.004574 | N2: =L2+M2 -> 0.014574 | O2: 15 | P2: =ROUND(10*RAND(),3) -> 1.412 | Q2: =O2+P2 -> 16.412 | R2: 500 | S2: =ROUND(RAND()*R2,3) -> 335.938 | T2: =Q2+S2 -> 352.35
A3: 4 | B3: 1320 | C3: =0.4*B3 -> 528 | D3: =IF(B3>600,8,IF(B3>200,6,4)) -> 8 | E3: =D3 -> 8 | F3: =0.6*B3 -> 792 | G3: =C3 -> 528 | H3: 40700.96 | I3: 0.012502 | J3: 22.952 | K3: 254.381 | L3: 0.01 | M3: =ROUND(L3*RAND(),6) -> 0.004195 | N3: =L3+M3 -> 0.014195 | O3: 15 | P3: =ROUND(10*RAND(),3) -> 9.786 | Q3: =O3+P3 -> 24.786 | R3: 500 | S3: =ROUND(RAND()*R3,3) -> 285.964 | T3: =Q3+S3 -> 310.75
A4: 12 | B4: 1200 | C4: =0.4*B4 -> 480 | D4: =IF(B4>600,8,IF(B4>200,6,4)) -> 8 | E4: =D4 -> 8 | F4: =0.6*B4 -> 720 | G4: =C4 -> 480 | H4: 56369.44 | I4: 0.015881 | J4: 16.513 | K4: 352.309 | L4: 0.01 | M4: =ROUND(L4*RAND(),6) -> 0.009518 | N4: =L4+M4 -> 0.019518 | O4: 15 | P4: =ROUND(10*RAND(),3) -> 1.284 | Q4: =O4+P4 -> 16.284 | R4: 500 | S4: =ROUND(RAND()*R4,3) -> 73.85 | T4: =Q4+S4 -> 90.134
A5: 15 | B5: 49 | C5: =0.4*B5 -> 19.6 | D5: =IF(B5>600,8,IF(B5>200,6,4)) -> 4 | E5: =D5 -> 4 | F5: =0.6*B5 -> 29.4 | G5: =C5 -> 19.6 | H5: 14340.8 | I5: 0.018322 | J5: 24.609 | K5: 179.26 | L5: 0.01 | M5: =ROUND(L5*RAND(),6) -> 0.000594 | N5: =L5+M5 -> 0.010594 | O5: 15 | P5: =ROUND(10*RAND(),3) -> 3.839 | Q5: =O5+P5 -> 18.839 | R5: 500 | S5: =ROUND(RAND()*R5,3) -> 69.631 | T5: =Q5+S5 -> 88.47
A6: 18 | B6: 198 | C6: =0.4*B6 -> 79.2 | D6: =IF(B6>600,8,IF(B6>200,6,4)) -> 4 | E6: =D6 -> 4 | F6: =0.6*B6 -> 118.8 | G6: =C6 -> 79.2 | H6: 13933.52 | I6: 0.010873 | J6: 22.232 | K6: 174.169 | L6: 0.01 | M6: =ROUND(L6*RAND(),6) -> 0.000689 | N6: =L6+M6 -> 0.010689 | O6: 15 | P6: =ROUND(10*RAND(),3) -> 3.272 | Q6: =O6+P6 -> 18.272 | R6: 500 | S6: =ROUND(RAND()*R6,3) -> 57.958 | T6: =Q6+S6 -> 76.23
A7: 21 | B7: 30 | C7: =0.4*B7 -> 12 | D7: =IF(B7>600,8,IF(B7>200,6,4)) -> 4 | E7: =D7 -> 4 | F7: =0.6*B7 -> 18 | G7: =C7 -> 12 | H7: 4310.56 | I7: 0.011561 | J7: 17.703 | K7: 53.882 | L7: 0.01 | M7: =ROUND(L7*RAND(),6) -> 0.001262 | N7: =L7+M7 -> 0.011262 | O7: 15 | P7: =ROUND(10*RAND(),3) -> 1.927 | Q7: =O7+P7 -> 16.927 | R7: 500 | S7: =ROUND(RAND()*R7,3) -> 319.43 | T7: =Q7+S7 -> 336.357
A8: 23 | B8: 132 | C8: =0.4*B8 -> 52.8 | D8: =IF(B8>600,8,IF(B8>200,6,4)) -> 4 | E8: =D8 -> 4 | F8: =0.6*B8 -> 79.2 | G8: =C8 -> 52.8 | H8: 15188.96 | I8: 0.013991 | J8: 18.176 | K8: 189.862 | L8: 0.01 | M8: =ROUND(L8*RAND(),6) -> 0.002908 | N8: =L8+M8 -> 0.012908 | O8: 15 | P8: =ROUND(10*RAND(),3) -> 1.162 | Q8: =O8+P8 -> 16.162 | R8: 500 | S8: =ROUND(RAND()*R8,3) -> 137.933 | T8: =Q8+S8 -> 154.095
A9: 26 | B9: 346 | C9: =0.4*B9 -> 138.4 | D9: =IF(B9>600,8,IF(B9>200,6,4)) -> 6 | E9: =D9 -> 6 | F9: =0.6*B9 -> 207.6 | G9: =C9 -> 138.4 | H9: 57084.24 | I9: 0.019478 | J9: 15.522 | K9: 475.702 | L9: 0.01 | M9: =ROUND(L9*RAND(),6) -> 0.009433 | N9: =L9+M9 -> 0.019433 | O9: 15 | P9: =ROUND(10*RAND(),3) -> 4.003 | Q9: =O9+P9 -> 19.003 | R9: 500 | S9: =ROUND(RAND()*R9,3) -> 291.46 | T9: =Q9+S9 -> 310.463
A10: 27 | B10: 300 | C10: =0.4*B10 -> 120 | D10: =IF(B10>600,8,IF(B10>200,6,4)) -> 6 | E10: =D10 -> 6 | F10: =0.6*B10 -> 180 | G10: =C10 -> 120 | H10: 45552.6 | I10: 0.019375 | J10: 19.724 | K10: 379.605 | L10: 0.01 | M10: =ROUND(L10*RAND(),6) -> 0.009349 | N10: =L10+M10 -> 0.019349 | O10: 15 | P10: =ROUND(10*RAND(),3) -> 1.621 | Q10: =O10+P10 -> 16.621 | R10: 500 | S10: =ROUND(RAND()*R10,3) -> 403.175 | T10: =Q10+S10 -> 419.796
A11: 30 | B11: 346 | C11: =0.4*B11 -> 138.4 | D11: =IF(B11>600,8,IF(B11>200,6,4)) -> 6 | E11: =D11 -> 6 | F11: =0.6*B11 -> 207.6 | G11: =C11 -> 138.4 | H11: 47822.52 | I11: 0.010123 | J11: 22.667 | K11: 398.521 | L11: 0.01 | M11: =ROUND(L11*RAND(),6) -> 0.003968 | N11: =L11+M11 -> 0.013968 | O11: 15 | P11: =ROUND(10*RAND(),3) -> 5.746 | Q11: =O11+P11 -> 20.746 | R11: 500 | S11: =ROUND(RAND()*R11,3) -> 382.634 | T11: =Q11+S11 -> 403.38
A12: 33 | B12: 1320 | C12: =0.4*B12 -> 528 | D12: =IF(B12>600,8,IF(B12>200,6,4)) -> 8 | E12: =D12 -> 8 | F12: =0.6*B12 -> 792 | G12: =C12 -> 528 | H12: 33724.32 | I12: 0.019814 | J12: 16.336 | K12: 210.777 | L12: 0.01 | M12: =ROUND(L12*RAND(),6) -> 0.005418 | N12: =L12+M12 -> 0.015418 | O12: 15 | P12: =ROUND(10*RAND(),3) -> 7.598 | Q12: =O12+P12 -> 22.598 | R12: 500 | S12: =ROUND(RAND()*R12,3) -> 11.149 | T12: =Q12+S12 -> 33.747
A13: 40 | B13: 300 | C13: =0.4*B13 -> 120 | D13: =IF(B13>600,8,IF(B13>200,6,4)) -> 6 | E13: =D13 -> 6 | F13: =0.6*B13 -> 180 | G13: =C13 -> 120 | H13: 31323.96 | I13: 0.012944 | J13: 17.293 | K13: 261.033 | L13: 0.01 | M13: =ROUND(L13*RAND(),6) -> 0.00215 | N13: =L13+M13 -> 0.01215 | O13: 15 | P13: =ROUND(10*RAND(),3) -> 7.224 | Q13: =O13+P13 -> 22.224 | R13: 500 | S13: =ROUND(RAND()*R13,3) -> 487.577 | T13: =Q13+S13 -> 509.801
... A68: 230 | B68: 100 | C68: =0.4*B68 -> 40 | D68: =IF(B68>600,8,IF(B68>200,6,4)) -> 4 | E68: =D68 -> 4 | F68: =0.6*B68 -> 60 | G68: =C68 -> 40 | H68: 7990.64 | I68: 0.010739 | J68: 24.89 | K68: 99.883 | L68: 0.01 | M68: =ROUND(L68*RAND(),6) -> 0.006254 | N68: =L68+M68 -> 0.016254 | O68: 15 | P68: =ROUND(10*RAND(),3) -> 4.303 | Q68: =O68+P68 -> 19.303 | R68: 500 | S68: =ROUND(RAND()*R68,3) -> 494.151 | T68: =Q68+S68 -> 513.454

Sheet bus
A1: 1 | B1: 1
A2: 2 | B2: 2
A3: 3 | B3: 3
A4: 4 | B4: 4
A5: 5 | B5: 5
A6: 6 | B6: 6
A7: 7 | B7: 7
A8: 8 | B8: 8
A9: 9 | B9: 9
A10: 10 | B10: 10
A11: 11 | B11: 11
A12: 12 | B12: 12
... A230: 230 | B230: 230

Sheet bra
A1: b1 | B1: b2 | C1: r | D1: x | E1: g | F1: s
A2: 1 | B2: 13 | C2: 0 | D2: 0.036 | E2: 0 | F2: =J2 -> 1600 | G2: =VLOOKUP(A2,load!A:C,3,0) -> 0 | H2: =VLOOKUP(B2,load!A:C,3,0) -> 0 | I2: =(G2+H2)+1600 -> 1600 | J2: =ROUND(I2/100,0)*100 -> 1600
A3: 6 | B3: 13 | C3: 0.000219 | D3: 0.004644 | E3: 3.08828 | F3: =J3 -> 1600 | G3: =VLOOKUP(A3,load!A:C,3,0) -> 0 | H3: =VLOOKUP(B3,load!A:C,3,0) -> 0 | I3: =(G3+H3)+1600 -> 1600 | J3: =ROUND(I3/100,0)*100 -> 1600
A4: 5 | B4: 6 | C4: 0 | D4: 0.01 | E4: 0 | F4: =J4 -> 1600 | G4: =VLOOKUP(A4,load!A:C,3,0) -> 0 | H4: =VLOOKUP(B4,load!A:C,3,0) -> 0 | I4: =(G4+H4)+1600 -> 1600 | J4: =ROUND(I4/100,0)*100 -> 1600
A5: 8 | B5: 6 | C5: 0 | D5: 0.035 | E5: 0 | F5: =J5 -> 1600 | G5: =VLOOKUP(A5,load!A:C,3,0) -> 0 | H5: =VLOOKUP(B5,load!A:C,3,0) -> 0 | I5: =(G5+H5)+1600 -> 1600 | J5: =ROUND(I5/100,0)*100 -> 1600
A6: 9 | B6: 6 | C6: 0 | D6: 0.043 | E6: 0 | F6: =J6 -> 1600 | G6: =VLOOKUP(A6,load!A:C,3,0) -> 0 | H6: =VLOOKUP(B6,load!A:C,3,0) -> 0 | I6: =(G6+H6)+1600 -> 1600 | J6: =ROUND(I6/100,0)*100 -> 1600
A7: 128 | B7: 6 | C7: 0.000157 | D7: 0.003324 | E7: 2.20996 | F7: =J7 -> 1600 | G7: =VLOOKUP(A7,load!A:C,3,0) -> 0 | H7: =VLOOKUP(B7,load!A:C,3,0) -> 0 | I7: =(G7+H7)+1600 -> 1600 | J7: =ROUND(I7/100,0)*100 -> 1600
A8: 226 | B8: 6 | C8: 0.000332 | D8: 0.007031 | E8: 4.67492 | F8: =J8 -> 1600 | G8: =VLOOKUP(A8,load!A:C,3,0) -> 0 | H8: =VLOOKUP(B8,load!A:C,3,0) -> 0 | I8: =(G8+H8)+1600 -> 1600 | J8: =ROUND(I8/100,0)*100 -> 1600
A9: 1 | B9: 8 | C9: 0.000219 | D9: 0.004644 | E9: 3.08828 | F9: =J9 -> 1600 | G9: =VLOOKUP(A9,load!A:C,3,0) -> 0 | H9: =VLOOKUP(B9,load!A:C,3,0) -> 0 | I9: =(G9+H9)+1600 -> 1600 | J9: =ROUND(I9/100,0)*100 -> 1600
A10: 3 | B10: 1 | C10: 8e-05 | D10: 0.001652 | E10: 1.115648 | F10: =J10 -> 1800 | G10: =VLOOKUP(A10,load!A:C,3,0) -> 165.79647 | H10: =VLOOKUP(B10,load!A:C,3,0) -> 0 | I10: =(G10+H10)+1600 -> 1765.7965 | J10: =ROUND(I10/100,0)*100 -> 1800
A11: 4 | B11: 1 | C11: 8e-05 | D11: 0.001652 | E11: 1.115648 | F11: =J11 -> 1700 | G11: =VLOOKUP(A11,load!A:C,3,0) -> 99.477882 | H11: =VLOOKUP(B11,load!A:C,3,0) -> 0 | I11: =(G11+H11)+1600 -> 1699.4779 | J11: =ROUND(I11/100,0)*100 -> 1700
A12: 163 | B12: 1 | C12: 0 | D12: 0.039 | E12: 0 | F12: =J12 -> 1600 | G12: =VLOOKUP(A12,load!A:C,3,0) -> 0 | H12: =VLOOKUP(B12,load!A:C,3,0) -> 0 | I12: =(G12+H12)+1600 -> 1600 | J12: =ROUND(I12/100,0)*100 -> 1600
A13: 165 | B13: 1 | C13: 0.000155 | D13: 0.003994 | E13: 2.244096 | F13: =J13 -> 1600 | G13: =VLOOKUP(A13,load!A:C,3,0) -> 0 | H13: =VLOOKUP(B13,load!A:C,3,0) -> 0 | I13: =(G13+H13)+1600 -> 1600 | J13: =ROUND(I13/100,0)*100 -> 1600
... A268: 224 | B268: 222 | C268: 0.00112 | D268: 0.058083 | E268: 0.00288 | F268: =J268 -> 1700 | G268: =VLOOKUP(A268,load!A:C,3,0) -> 69.081862 | H268: =VLOOKUP(B268,load!A:C,3,0) -> 0 | I268: =(G268+H268)+1600 -> 1669.0819 | J268: =ROUND(I268/100,0)*100 -> 1700

Sheet load
A1: busno | B1: curveno | C1: rt
A2: 1 | B2: c1 | C2: 0
A3: 2 | B3: c1 | C3: 0
A4: 3 | B4: c1 | C4: 165.79647
A5: 4 | B5: c1 | C5: 99.477882
A6: 5 | B6: c1 | C6: 0
A7: 6 | B7: c1 | C7: 0
A8: 7 | B8: c1 | C8: 0
A9: 8 | B9: c1 | C9: 0
A10: 9 | B10: c1 | C10: 0
A11: 10 | B11: c1 | C11: 0
A12: 11 | B12: c1 | C12: 0
A13: 12 | B13: c1 | C13: 99.477882
... A231: 230 | B231: c1 | C231: 0

Sheet loadc
A1: c1
A2: 0.6567776 | B2: 0 | C2: 0 | D2: 1 | E2: 742 | F2: =E2/MAX($E$2:$E$25) -> 0.48687664 | G2: 0.66498424 | H2: 0.52565347 | I2: 3614.9725 | J2: =E2+RANDBETWEEN(-E2/10,E2/10) -> 712
A3: 0.62954537 | B3: 1 | C3: 0 | D3: 1 | E3: 694 | F3: =E3/MAX($E$2:$E$25) -> 0.45538058 | G3: 0.63561558 | H3: 0.49767279 | I3: 3422.5465 | J3: =E3+RANDBETWEEN(-E3/10,E3/10) -> 755
A4: 0.5894216 | B4: 2 | C4: 0 | D4: 1 | E4: 755 | F4: =E4/MAX($E$2:$E$25) -> 0.49540682 | G4: 0.59979654 | H4: 0.48210999 | I4: 3315.5196 | J4: =E4+RANDBETWEEN(-E4/10,E4/10) -> 767
A5: 0.60171105 | B5: 3 | C5: 0 | D5: 1 | E5: 896 | F5: =E5/MAX($E$2:$E$25) -> 0.58792651 | G5: 0.60711051 | H5: 0.4742834 | I5: 3261.6953 | J5: =E5+RANDBETWEEN(-E5/10,E5/10) -> 907
A6: 0.58602222 | B6: 4 | C6: 0 | D6: 1 | E6: 1072 | F6: =E6/MAX($E$2:$E$25) -> 0.70341207 | G6: 0.59641118 | H6: 0.47958383 | I6: 3298.1469 | J6: =E6+RANDBETWEEN(-E6/10,E6/10) -> 1101
A7: 0.61482618 | B7: 5 | C7: 0 | D7: 1 | E7: 911 | F7: =E7/MAX($E$2:$E$25) -> 0.59776903 | G7: 0.62400487 | H7: 0.49723001 | I7: 3419.5015 | J7: =E7+RANDBETWEEN(-E7/10,E7/10) -> 999
A8: 0.64479807 | B8: 6 | C8: 0 | D8: 1 | E8: 1370 | F8: =E8/MAX($E$2:$E$25) -> 0.89895013 | G8: 0.65396901 | H8: 0.51863639 | I8: 3575.4175 | J8: =E8+RANDBETWEEN(-E8/10,E8/10) -> 1493
A9: 0.61110199 | B9: 7 | C9: 0 | D9: 1 | E9: 1421 | F9: =E9/MAX($E$2:$E$25) -> 0.9324147 | G9: 0.63017015 | H9: 0.541395 | I9: 3775.4175 | J9: =E9+RANDBETWEEN(-E9/10,E9/10) -> 1401
A10: 0.49434531 | B10: 8 | C10: 0 | D10: 1 | E10: 1309 | F10: =E10/MAX($E$2:$E$25) -> 0.85892388 | G10: 0.53598256 | H10: 0.57028203 | I10: 3912.5039 | J10: =E10+RANDBETWEEN(-E10/10,E10/10) -> 1350
A11: 0.41422196 | B11: 9 | C11: 0 | D11: 1 | E11: 1187 | F11: =E11/MAX($E$2:$E$25) -> 0.77887139 | G11: 0.47394155 | H11: 0.59443619 | I11: 4085.9813 | J11: =E11+RANDBETWEEN(-E11/10,E11/10) -> 1162
A12: 0.38487245 | B12: 10 | C12: 0 | D12: 1 | E12: 1429 | F12: =E12/MAX($E$2:$E$25) -> 0.93766404 | G12: 0.45281839 | H12: 0.60890378 | I12: 4233.7891 | J12: =E12+RANDBETWEEN(-E12/10,E12/10) -> 1521
A13: 0.36387744 | B13: 11 | C13: 0 | D13: 1 | E13: 1524 | F13: =E13/MAX($E$2:$E$25) -> 1 | G13: 0.44003827 | H13: 0.61509828 | I13: 4383.7891 | J13: =E13+RANDBETWEEN(-E13/10,E13/10) -> 1542
... A25: 0.73992361 | B25: 23 | C25: 0 | D25: 1 | E25: 779 | F25: =E25/MAX($E$2:$E$25) -> 0.51115486 | G25: 0.7426956 | H25: 0.569907 | I25: 3919.3086 | J25: =E25+RANDBETWEEN(-E25/10,E25/10) -> 842
A26: 0.63326115 | B26: 24 | C26: 1 | D26: 2 | E26: 808 | F26: =E26/MAX($E$2:$E$25) -> 0.53018373 | J26: =E26+RANDBETWEEN(-E26/10,E26/10) -> 876
A27: 0.71389856 | B27: 25 | C27: 1 | D27: 2 | E27: 782 | F27: =E27/MAX($E$2:$E$25) -> 0.51312336 | J27: =E27+RANDBETWEEN(-E27/10,E27/10) -> 782
A28: 0.73933397 | B28: 26 | C28: 1 | D28: 2 | E28: 947 | F28: =E28/MAX($E$2:$E$25) -> 0.62139108 | J28: =E28+RANDBETWEEN(-E28/10,E28/10) -> 920
A29: 0.70385211 | B29: 27 | C29: 1 | D29: 2 | E29: 989 | F29: =E29/MAX($E$2:$E$25) -> 0.64895013 | J29: =E29+RANDBETWEEN(-E29/10,E29/10) -> 1017
A30: 0.5921752 | B30: 28 | C30: 1 | D30: 2 | E30: 791 | F30: =E30/MAX($E$2:$E$25) -> 0.51902887 | J30: =E30+RANDBETWEEN(-E30/10,E30/10) -> 715
A31: 0.46243613 | B31: 29 | C31: 1 | D31: 2 | E31: 989 | F31: =E31/MAX($E$2:$E$25) -> 0.64895013 | J31: =E31+RANDBETWEEN(-E31/10,E31/10) -> 1016
A32: 0.35665919 | B32: 30 | C32: 1 | D32: 2 | E32: 1234 | F32: =E32/MAX($E$2:$E$25) -> 0.80971129 | J32: =E32+RANDBETWEEN(-E32/10,E32/10) -> 1128
A33: 0.35821796 | B33: 31 | C33: 1 | D33: 2 | E33: 1232 | F33: =E33/MAX($E$2:$E$25) -> 0.80839895 | J33: =E33+RANDBETWEEN(-E33/10,E33/10) -> 1208
A34: 0.33674588 | B34: 32 | C34: 1 | D34: 2 | E34: 1287 | F34: =E34/MAX($E$2:$E$25) -> 0.84448819 | J34: =E34+RANDBETWEEN(-E34/10,E34/10) -> 1162
A35: 0.33120906 | B35: 33 | C35: 1 | D35: 2 | E35: 1599 | F35: =E35/MAX($E$2:$E$25) -> 1.0492126 | J35: =E35+RANDBETWEEN(-E35/10,E35/10) -> 1740
A36: 0.33792552 | B36: 34 | C36: 1 | D36: 2 | E36: 1448 | F36: =E36/MAX($E$2:$E$25) -> 0.95013123 | J36: =E36+RANDBETWEEN(-E36/10,E36/10) -> 1338
A37: 0.3503301 | B37: 35 | C37: 1 | D37: 2 | E37: 1490 | F37: =E37/MAX($E$2:$E$25) -> 0.97769029 | J37: =E37+RANDBETWEEN(-E37/10,E37/10) -> 1343
... A8737: 0.54844839 | B8737: 8735 | C8737: 363 | D8737: 364 | E8737: 890 | F8737: =E8737/MAX($E$2:$E$25) -> 0.5839895 | J8737: =E8737+RANDBETWEEN(-E8737/10,E8737/10) -> 844
A8738: 0 | E8738: 0 | F8738: =E8738/MAX($E$2:$E$25) -> 0 | J8738: =E8738+RANDBETWEEN(-E8738/10,E8738/10) -> 0

Sheet price
B1: base | C1: error | D1: temp | E1: c1
A2: 1 | B2: 10 | C2: =RAND() -> 0.29583803 | D2: =B2+C2*B2*5 -> 24.791902 | E2: 48.383049
A3: 2 | B3: 10 | C3: =RAND() -> 0.94555979 | D3: =B3+C3*B3*5 -> 57.27799 | E3: 21.198217
A4: 3 | B4: 10 | C4: =RAND() -> 0.47981624 | D4: =B4+C4*B4*5 -> 33.990812 | E4: 56.383566
A5: 4 | B5: 10 | C5: =RAND() -> 0.13125657 | D5: =B5+C5*B5*5 -> 16.562828 | E5: 45.573748
A6: 5 | B6: 10 | C6: =RAND() -> 0.48368525 | D6: =B6+C6*B6*5 -> 34.184263 | E6: 29.989831
A7: 6 | B7: 10 | C7: =RAND() -> 0.036899255 | D7: =B7+C7*B7*5 -> 11.844963 | E7: 16.245827
A8: 7 | B8: 10 | C8: =RAND() -> 0.1065971 | D8: =B8+C8*B8*5 -> 15.329855 | E8: 48.632669
A9: 8 | B9: 10 | C9: =RAND() -> 0.73619313 | D9: =B9+C9*B9*5 -> 46.809656 | E9: 21.450266
A10: 9 | B10: 10 | C10: =RAND() -> 0.67892822 | D10: =B10+C10*B10*5 -> 43.946411 | E10: 31.26889
A11: 10 | B11: 10 | C11: =RAND() -> 0.47133492 | D11: =B11+C11*B11*5 -> 33.566746 | E11: 41.616438
A12: 11 | B12: 10 | C12: =RAND() -> 0.48425834 | D12: =B12+C12*B12*5 -> 34.212917 | E12: 34.594066
A13: 12 | B13: 10 | C13: =RAND() -> 0.22675598 | D13: =B13+C13*B13*5 -> 21.337799 | E13: 41.422068
... A8737: 8736 | B8737: 10 | C8737: =RAND() -> 0.0015528119 | D8737: =B8737+C8737*B8737*5 -> 10.077641 | E8737: 53.277126
