Workbook

Sheet para
B1: value
A2: duration | B2: 24
A3: busno | B3: 118
A4: brano | B4: 186
A5: swing | B5: 69
A6: reserve | B6: 0.05
A7: dem_penalty | B7: 300
A8: price_no | B8: c1

Sheet thermal
A1: busno | B1: pmax | C1: pmin | D1: ton | E1: toff | F1: r | G1: rs | H1: fixed | I1: a | J1: b | K1: c
A2: 1 | B2: 100 | C2: =0.4*B2 -> 40 | D2: =IF(B2>500,8,IF(B2>200,6,4)) -> 4 | E2: =D2 -> 4 | F2: =0.5*B2 -> 50 | G2: =C2 -> 40 | H2: 2327.572 | I2: 0.00751 | J2: 20.611 | K2: 897.073 | L2: 15 | M2: =ROUND(10*RAND(),3) -> 2.433 | N2: =L2+M2 -> 17.433 | O2: 800 | P2: =ROUND(RAND()*O2,3) -> 719.262 | Q2: =O2+P2 -> 1519.262
A3: 4 | B3: 100 | C3: =0.4*B3 -> 40 | D3: =IF(B3>500,8,IF(B3>200,6,4)) -> 4 | E3: =D3 -> 4 | F3: =0.5*B3 -> 50 | G3: =C3 -> 40 | H3: 2173.264 | I3: 0.005028 | J3: 21.196 | K3: 1045.009 | L3: 15 | M3: =ROUND(10*RAND(),3) -> 9.519 | N3: =L3+M3 -> 24.519 | O3: 800 | P3: =ROUND(RAND()*O3,3) -> 676.408 | Q3: =O3+P3 -> 1476.408
A4: 6 | B4: 100 | C4: =0.4*B4 -> 40 | D4: =IF(B4>500,8,IF(B4>200,6,4)) -> 4 | E4: =D4 -> 4 | F4: =0.5*B4 -> 50 | G4: =C4 -> 40 | H4: 1882.532 | I4: 0.005845 | J4: 19.669 | K4: 928.642 | L4: 15 | M4: =ROUND(10*RAND(),3) -> 2.892 | N4: =L4+M4 -> 17.892 | O4: 800 | P4: =ROUND(RAND()*O4,3) -> 641.642 | Q4: =O4+P4 -> 1441.642
A5: 8 | B5: 100 | C5: =0.4*B5 -> 40 | D5: =IF(B5>500,8,IF(B5>200,6,4)) -> 4 | E5: =D5 -> 4 | F5: =0.5*B5 -> 50 | G5: =C5 -> 40 | H5: 2404.408 | I5: 0.001787 | J5: 20.439 | K5: 1185.518 | L5: 15 | M5: =ROUND(10*RAND(),3) -> 6.942 | N5: =L5+M5 -> 21.942 | O5: 800 | P5: =ROUND(RAND()*O5,3) -> 733.012 | Q5: =O5+P5 -> 1533.012
A6: 10 | B6: 550 | C6: =0.4*B6 -> 220 | D6: =IF(B6>500,8,IF(B6>200,6,4)) -> 8 | E6: =D6 -> 8 | F6: =0.5*B6 -> 275 | G6: =C6 -> 220 | H6: 6199.458 | I6: 0.004409 | J6: 23.659 | K6: 1431.693 | L6: 15 | M6: =ROUND(10*RAND(),3) -> 2.777 | N6: =L6+M6 -> 17.777 | O6: 800 | P6: =ROUND(RAND()*O6,3) -> 319.898 | Q6: =O6+P6 -> 1119.898
A7: 12 | B7: 185 | C7: =0.4*B7 -> 74 | D7: =IF(B7>500,8,IF(B7>200,6,4)) -> 4 | E7: =D7 -> 4 | F7: =0.5*B7 -> 92.5 | G7: =C7 -> 74 | H7: 2549.834 | I7: 0.009902 | J7: 19.249 | K7: 925.857 | L7: 15 | M7: =ROUND(10*RAND(),3) -> 8.443 | N7: =L7+M7 -> 23.443 | O7: 800 | P7: =ROUND(RAND()*O7,3) -> 92.102 | Q7: =O7+P7 -> 892.102
A8: 15 | B8: 100 | C8: =0.4*B8 -> 40 | D8: =IF(B8>500,8,IF(B8>200,6,4)) -> 4 | E8: =D8 -> 4 | F8: =0.5*B8 -> 50 | G8: =C8 -> 40 | H8: 1943.084 | I8: 0.002567 | J8: 22.463 | K8: 1055.085 | L8: 15 | M8: =ROUND(10*RAND(),3) -> 6.269 | N8: =L8+M8 -> 21.269 | O8: 800 | P8: =ROUND(RAND()*O8,3) -> 558.1 | Q8: =O8+P8 -> 1358.1
A9: 18 | B9: 100 | C9: =0.4*B9 -> 40 | D9: =IF(B9>500,8,IF(B9>200,6,4)) -> 4 | E9: =D9 -> 4 | F9: =0.5*B9 -> 50 | G9: =C9 -> 40 | H9: 1870.668 | I9: 0.007878 | J9: 21.555 | K9: 902.453 | L9: 15 | M9: =ROUND(10*RAND(),3) -> 8.45 | N9: =L9+M9 -> 23.45 | O9: 800 | P9: =ROUND(RAND()*O9,3) -> 250.41 | Q9: =O9+P9 -> 1050.41
A10: 19 | B10: 100 | C10: =0.4*B10 -> 40 | D10: =IF(B10>500,8,IF(B10>200,6,4)) -> 4 | E10: =D10 -> 4 | F10: =0.5*B10 -> 50 | G10: =C10 -> 40 | H10: 1676.218 | I10: 9.3e-05 | J10: 19.886 | K10: 1304.305 | L10: 15 | M10: =ROUND(10*RAND(),3) -> 1.854 | N10: =L10+M10 -> 16.854 | O10: 800 | P10: =ROUND(RAND()*O10,3) -> 62.948 | Q10: =O10+P10 -> 862.948
A11: 24 | B11: 100 | C11: =0.4*B11 -> 40 | D11: =IF(B11>500,8,IF(B11>200,6,4)) -> 4 | E11: =D11 -> 4 | F11: =0.5*B11 -> 50 | G11: =C11 -> 40 | H11: 1448.73 | I11: 0.002651 | J11: 21.306 | K11: 905.939 | L11: 15 | M11: =ROUND(10*RAND(),3) -> 1.355 | N11: =L11+M11 -> 16.355 | O11: 800 | P11: =ROUND(RAND()*O11,3) -> 329.971 | Q11: =O11+P11 -> 1129.971
A12: 25 | B12: 320 | C12: =0.4*B12 -> 128 | D12: =IF(B12>500,8,IF(B12>200,6,4)) -> 6 | E12: =D12 -> 6 | F12: =0.5*B12 -> 160 | G12: =C12 -> 128 | H12: 4700.564 | I12: 0.003196 | J12: 17.858 | K12: 1022.61 | L12: 15 | M12: =ROUND(10*RAND(),3) -> 0.628 | N12: =L12+M12 -> 15.628 | O12: 800 | P12: =ROUND(RAND()*O12,3) -> 381.122 | Q12: =O12+P12 -> 1181.122
A13: 26 | B13: 414 | C13: =0.4*B13 -> 165.6 | D13: =IF(B13>500,8,IF(B13>200,6,4)) -> 6 | E13: =D13 -> 6 | F13: =0.5*B13 -> 207 | G13: =C13 -> 165.6 | H13: 4659.576 | I13: 0.002266 | J13: 17.53 | K13: 1480.395 | L13: 15 | M13: =ROUND(10*RAND(),3) -> 5.884 | N13: =L13+M13 -> 20.884 | O13: 800 | P13: =ROUND(RAND()*O13,3) -> 613.221 | Q13: =O13+P13 -> 1413.221
... A55: 116 | B55: 100 | C55: =0.4*B55 -> 40 | D55: =IF(B55>500,8,IF(B55>200,6,4)) -> 4 | E55: =D55 -> 4 | F55: =0.5*B55 -> 50 | G55: =C55 -> 40 | H55: 2285.082 | I55: 0.000555 | J55: 22.384 | K55: 1438.997 | L55: 15 | M55: =ROUND(10*RAND(),3) -> 2.562 | N55: =L55+M55 -> 17.562 | O55: 800 | P55: =ROUND(RAND()*O55,3) -> 419.288 | Q55: =O55+P55 -> 1219.288

Sheet temp

Sheet pumped
A1: busno | B1: emax | C1: emin | D1: pmax | E1: R_d | F1: R_c | G1: e0 | H1: t_dis | I1: t_ch | J1: n_c | K1: n_d | L1: t_off | M1: pmin
A2: 117 | B2: 1200 | C2: 100 | D2: 300 | E2: =D2*0.25 -> 75 | F2: =0.2*D2 -> 60 | G2: 800 | H2: 4 | I2: 4 | J2: 0.78 | K2: 0.92 | L2: 3 | M2: =0.2*D2 -> 60 | O2: =RANDBETWEEN(1,118) -> 59 | P2: 80 | Q2: 20 | R2: 480 | S2: 2500
A3: 5 | B3: 1200 | C3: 100 | D3: 300 | E3: =D3*0.25 -> 75 | F3: =0.2*D3 -> 60 | G3: 900 | H3: 4 | I3: 4 | J3: 0.78 | K3: 0.92 | L3: 3 | M3: =0.2*D3 -> 60 | O3: =RANDBETWEEN(1,118) -> 54 | P3: 150 | Q3: 15 | R3: 480 | S3: 2500
A4: 93 | B4: 1200 | C4: 100 | D4: 300 | E4: =D4*0.25 -> 75 | F4: =0.2*D4 -> 60 | G4: 750 | H4: 4 | I4: 4 | J4: 0.78 | K4: 0.92 | L4: 3 | M4: =0.2*D4 -> 60 | O4: =RANDBETWEEN(1,118) -> 114 | P4: 170 | Q4: 17 | R4: 480 | S4: 2500
A5: 68 | B5: 800 | C5: 60 | D5: 200 | E5: =D5*0.25 -> 50 | F5: =0.2*D5 -> 40 | G5: 400 | H5: 3 | I5: 3 | J5: 0.8 | K5: 0.93 | L5: 2 | M5: =0.2*D5 -> 40 | O5: =RANDBETWEEN(1,118) -> 91 | P5: 80 | Q5: 13 | R5: 480 | S5: 2500
A6: 35 | B6: 800 | C6: 60 | D6: 200 | E6: =D6*0.25 -> 50 | F6: =0.2*D6 -> 40 | G6: 600 | H6: 3 | I6: 3 | J6: 0.8 | K6: 0.93 | L6: 2 | M6: =0.2*D6 -> 40 | O6: =RANDBETWEEN(1,118) -> 36 | P6: 100 | Q6: 19 | R6: 480 | S6: 2500
A7: 111 | B7: 800 | C7: 60 | D7: 200 | E7: =D7*0.25 -> 50 | F7: =0.2*D7 -> 40 | G7: 550 | H7: 3 | I7: 3 | J7: 0.8 | K7: 0.93 | L7: 2 | M7: =0.2*D7 -> 40 | O7: =RANDBETWEEN(1,118) -> 91 | P7: 80 | Q7: 16 | R7: 480 | S7: 2500
A8: 39 | B8: 800 | C8: 60 | D8: 200 | E8: =D8*0.25 -> 50 | F8: =0.2*D8 -> 40 | G8: 450 | H8: 3 | I8: 3 | J8: 0.8 | K8: 0.93 | L8: 2 | M8: =0.2*D8 -> 40 | O8: =RANDBETWEEN(1,118) -> 82 | P8: 90 | Q8: 16 | R8: 400 | S8: 1500
A9: 30 | B9: 500 | C9: 50 | D9: 125 | E9: =D9*0.25 -> 31.25 | F9: =0.2*D9 -> 25 | G9: 300 | H9: 2 | I9: 2 | J9: 0.82 | K9: 0.94 | L9: 2 | M9: =0.2*D9 -> 25 | O9: =RANDBETWEEN(1,118) -> 63 | P9: 200 | Q9: 18 | R9: 400 | S9: 1500
A10: 76 | B10: 500 | C10: 50 | D10: 125 | E10: =D10*0.25 -> 31.25 | F10: =0.2*D10 -> 25 | G10: 350 | H10: 2 | I10: 2 | J10: 0.82 | K10: 0.94 | L10: 2 | M10: =0.2*D10 -> 25 | O10: =RANDBETWEEN(1,118) -> 21 | P10: 130 | Q10: 17 | R10: 400 | S10: 1500
A11: 97 | B11: 500 | C11: 50 | D11: 125 | E11: =D11*0.25 -> 31.25 | F11: =0.2*D11 -> 25 | G11: 250 | H11: 2 | I11: 2 | J11: 0.82 | K11: 0.94 | L11: 2 | M11: =0.2*D11 -> 25 | O11: =RANDBETWEEN(1,118) -> 90 | P11: 150 | Q11: 19 | R11: 240 | S11: 1500
A12: 111 | B12: 500 | C12: 50 | D12: 125 | E12: =D12*0.25 -> 31.25 | F12: =0.2*D12 -> 25 | G12: 400 | H12: 2 | I12: 2 | J12: 0.82 | K12: 0.94 | L12: 2 | M12: =0.2*D12 -> 25 | O12: =RANDBETWEEN(1,118) -> 47 | P12: 180 | Q12: 11 | R12: 240 | S12: 1500
A13: 68 | B13: 500 | C13: 50 | D13: 125 | E13: =D13*0.25 -> 31.25 | F13: =0.2*D13 -> 25 | G13: 200 | H13: 2 | I13: 2 | J13: 0.82 | K13: 0.94 | L13: 2 | M13: =0.2*D13 -> 25 | O13: =RANDBETWEEN(1,118) -> 70 | P13: 180 | Q13: 18 | R13: 240 | S13: 1500
... A21: 40 | B21: 1500 | C21: 150 | D21: 400 | E21: =D21*0.25 -> 100 | F21: =0.2*D21 -> 80 | G21: 1100 | H21: 5 | I21: 5 | J21: 0.76 | K21: 0.91 | L21: 4 | M21: =0.2*D21 -> 80 | O21: =RANDBETWEEN(1,118) -> 21 | P21: 100 | Q21: 14 | R21: 240 | S21: 1500

Sheet Sheet3

Sheet renew

Sheet bus
A1: 1 | B1: 1
A2: 2 | B2: 2
A3: 3 | B3: 3
A4: 4 | B4: 4
A5: 5 | B5: 5
A6: 6 | B6: 6
A7: 7 | B7: 7
A8: 8 | B8: 8
A9: 9 | B9: 9
A10: 10 | B10: 10
A11: 11 | B11: 11
A12: 12 | B12: 12
... A118: 118 | B118: 118

Sheet bra
A1: b1 | B1: b2 | C1: r | D1: x | E1: g | F1: s
A2: 1 | B2: 2 | C2: 0.0303 | D2: 0.0999 | E2: 0.0254 | F2: =J2 -> 880 | G2: =VLOOKUP(A2,load!A:C,3,0) -> 91.8 | H2: =VLOOKUP(B2,load!A:C,3,0) -> 36 | I2: =H2+G2+750 -> 877.8 | J2: =ROUND(I2/10,0)*10 -> 880
A3: 1 | B3: 3 | C3: 0.0129 | D3: 0.0424 | E3: 0.01082 | F3: =J3 -> 910 | G3: =VLOOKUP(A3,load!A:C,3,0) -> 91.8 | H3: =VLOOKUP(B3,load!A:C,3,0) -> 70.2 | I3: =H3+G3+750 -> 912 | J3: =ROUND(I3/10,0)*10 -> 910
A4: 4 | B4: 5 | C4: 0.00176 | D4: 0.00798 | E4: 0.0021 | F4: =J4 -> 820 | G4: =VLOOKUP(A4,load!A:C,3,0) -> 70.2 | H4: =VLOOKUP(B4,load!A:C,3,0) -> 0 | I4: =H4+G4+750 -> 820.2 | J4: =ROUND(I4/10,0)*10 -> 820
A5: 3 | B5: 5 | C5: 0.0241 | D5: 0.108 | E5: 0.0284 | F5: =J5 -> 820 | G5: =VLOOKUP(A5,load!A:C,3,0) -> 70.2 | H5: =VLOOKUP(B5,load!A:C,3,0) -> 0 | I5: =H5+G5+750 -> 820.2 | J5: =ROUND(I5/10,0)*10 -> 820
A6: 5 | B6: 6 | C6: 0.0119 | D6: 0.054 | E6: 0.01426 | F6: =J6 -> 840 | G6: =VLOOKUP(A6,load!A:C,3,0) -> 0 | H6: =VLOOKUP(B6,load!A:C,3,0) -> 93.6 | I6: =H6+G6+750 -> 843.6 | J6: =ROUND(I6/10,0)*10 -> 840
A7: 6 | B7: 7 | C7: 0.00459 | D7: 0.0208 | E7: 0.0055 | F7: =J7 -> 880 | G7: =VLOOKUP(A7,load!A:C,3,0) -> 93.6 | H7: =VLOOKUP(B7,load!A:C,3,0) -> 34.2 | I7: =H7+G7+750 -> 877.8 | J7: =ROUND(I7/10,0)*10 -> 880
A8: 8 | B8: 9 | C8: 0.00244 | D8: 0.0305 | E8: 1.162 | F8: =J8 -> 800 | G8: =VLOOKUP(A8,load!A:C,3,0) -> 50.4 | H8: =VLOOKUP(B8,load!A:C,3,0) -> 0 | I8: =H8+G8+750 -> 800.4 | J8: =ROUND(I8/10,0)*10 -> 800
A9: 8 | B9: 5 | C9: 0 | D9: 0.0267 | E9: 0 | F9: =J9 -> 800 | G9: =VLOOKUP(A9,load!A:C,3,0) -> 50.4 | H9: =VLOOKUP(B9,load!A:C,3,0) -> 0 | I9: =H9+G9+750 -> 800.4 | J9: =ROUND(I9/10,0)*10 -> 800
A10: 9 | B10: 10 | C10: 0.00258 | D10: 0.0322 | E10: 1.23 | F10: =J10 -> 750 | G10: =VLOOKUP(A10,load!A:C,3,0) -> 0 | H10: =VLOOKUP(B10,load!A:C,3,0) -> 0 | I10: =H10+G10+750 -> 750 | J10: =ROUND(I10/10,0)*10 -> 750
A11: 4 | B11: 11 | C11: 0.0209 | D11: 0.0688 | E11: 0.01748 | F11: =J11 -> 950 | G11: =VLOOKUP(A11,load!A:C,3,0) -> 70.2 | H11: =VLOOKUP(B11,load!A:C,3,0) -> 126 | I11: =H11+G11+750 -> 946.2 | J11: =ROUND(I11/10,0)*10 -> 950
A12: 5 | B12: 11 | C12: 0.0203 | D12: 0.0682 | E12: 0.01738 | F12: =J12 -> 880 | G12: =VLOOKUP(A12,load!A:C,3,0) -> 0 | H12: =VLOOKUP(B12,load!A:C,3,0) -> 126 | I12: =H12+G12+750 -> 876 | J12: =ROUND(I12/10,0)*10 -> 880
A13: 11 | B13: 12 | C13: 0.00595 | D13: 0.0196 | E13: 0.00502 | F13: =J13 -> 960 | G13: =VLOOKUP(A13,load!A:C,3,0) -> 126 | H13: =VLOOKUP(B13,load!A:C,3,0) -> 84.6 | I13: =H13+G13+750 -> 960.6 | J13: =ROUND(I13/10,0)*10 -> 960
... A187: 76 | B187: 118 | C187: 0.0164 | D187: 0.0544 | E187: 0.01356 | F187: =J187 -> 930 | G187: =VLOOKUP(A187,load!A:C,3,0) -> 122.4 | H187: =VLOOKUP(B187,load!A:C,3,0) -> 59.4 | I187: =H187+G187+750 -> 931.8 | J187: =ROUND(I187/10,0)*10 -> 930

Sheet load
A1: busno | B1: curveno | C1: rt
A2: 1 | B2: c1 | C2: 91.8 | D2: =C2*0.5 -> 45.9
A3: 2 | B3: c1 | C3: 36 | D3: =C3*0.5 -> 18
A4: 3 | B4: c1 | C4: 70.2 | D4: =C4*0.5 -> 35.1
A5: 4 | B5: c1 | C5: 70.2 | D5: =C5*0.5 -> 35.1
A6: 5 | B6: c1 | C6: 0 | D6: =C6*0.5 -> 0
A7: 6 | B7: c1 | C7: 93.6 | D7: =C7*0.5 -> 46.8
A8: 7 | B8: c1 | C8: 34.2 | D8: =C8*0.5 -> 17.1
A9: 8 | B9: c1 | C9: 50.4 | D9: =C9*0.5 -> 25.2
A10: 9 | B10: c1 | C10: 0 | D10: =C10*0.5 -> 0
A11: 10 | B11: c1 | C11: 0 | D11: =C11*0.5 -> 0
A12: 11 | B12: c1 | C12: 126 | D12: =C12*0.5 -> 63
A13: 12 | B13: c1 | C13: 84.6 | D13: =C13*0.5 -> 42.3
... A119: 118 | B119: c1 | C119: 59.4 | D119: =C119*0.5 -> 29.7

Sheet loadc
A1: c1
A2: 0.70167011 | B2: =RAND()*0.08 -> 0.038539221 | C2: =A2+B2 -> 0.74020933 | D2: 0 | E2: 0 | F2: 1 | G2: 742 | H2: =G2/MAX($G$2:$G$25) -> 0.48687664 | I2: 0.66498424 | J2: 0.52565347 | K2: 3614.9725 | L2: =G2+RANDBETWEEN(-G2/10,G2/10) -> 722 | O2: 0.6567776
A3: 0.70246985 | B3: =RAND()*0.08 -> 0.053846685 | C3: =A3+B3 -> 0.75631654 | D3: 1 | E3: 0 | F3: 1 | G3: 694 | H3: =G3/MAX($G$2:$G$25) -> 0.45538058 | I3: 0.63561558 | J3: 0.49767279 | K3: 3422.5465 | L3: =G3+RANDBETWEEN(-G3/10,G3/10) -> 632 | O3: 0.62954537
A4: 0.59354699 | B4: =RAND()*0.08 -> 0.053564741 | C4: =A4+B4 -> 0.64711173 | D4: 2 | E4: 0 | F4: 1 | G4: 755 | H4: =G4/MAX($G$2:$G$25) -> 0.49540682 | I4: 0.59979654 | J4: 0.48210999 | K4: 3315.5196 | L4: =G4+RANDBETWEEN(-G4/10,G4/10) -> 698 | O4: 0.5894216
A5: 0.66450028 | B5: =RAND()*0.08 -> 0.037981908 | C5: =A5+B5 -> 0.70248219 | D5: 3 | E5: 0 | F5: 1 | G5: 896 | H5: =G5/MAX($G$2:$G$25) -> 0.58792651 | I5: 0.60711051 | J5: 0.4742834 | K5: 3261.6953 | L5: =G5+RANDBETWEEN(-G5/10,G5/10) -> 866 | O5: 0.60171105
A6: 0.59513909 | B6: =RAND()*0.08 -> 0.064302548 | C6: =A6+B6 -> 0.65944164 | D6: 4 | E6: 0 | F6: 1 | G6: 1072 | H6: =G6/MAX($G$2:$G$25) -> 0.70341207 | I6: 0.59641118 | J6: 0.47958383 | K6: 3298.1469 | L6: =G6+RANDBETWEEN(-G6/10,G6/10) -> 1038 | O6: 0.58602222
A7: 0.62124257 | B7: =RAND()*0.08 -> 0.078129143 | C7: =A7+B7 -> 0.69937171 | D7: 5 | E7: 0 | F7: 1 | G7: 911 | H7: =G7/MAX($G$2:$G$25) -> 0.59776903 | I7: 0.62400487 | J7: 0.49723001 | K7: 3419.5015 | L7: =G7+RANDBETWEEN(-G7/10,G7/10) -> 905 | O7: 0.61482618
A8: 0.6748942 | B8: =RAND()*0.08 -> 0.073469757 | C8: =A8+B8 -> 0.74836396 | D8: 6 | E8: 0 | F8: 1 | G8: 1370 | H8: =G8/MAX($G$2:$G$25) -> 0.89895013 | I8: 0.65396901 | J8: 0.51863639 | K8: 3575.4175 | L8: =G8+RANDBETWEEN(-G8/10,G8/10) -> 1443 | O8: 0.64479807
A9: 0.67206572 | B9: =RAND()*0.08 -> 0.043134596 | C9: =A9+B9 -> 0.71520032 | D9: 7 | E9: 0 | F9: 1 | G9: 1421 | H9: =G9/MAX($G$2:$G$25) -> 0.9324147 | I9: 0.63017015 | J9: 0.541395 | K9: 3775.4175 | L9: =G9+RANDBETWEEN(-G9/10,G9/10) -> 1414 | O9: 0.61110199
A10: 0.53214319 | B10: =RAND()*0.08 -> 0.0057887309 | C10: =A10+B10 -> 0.53793192 | D10: 8 | E10: 0 | F10: 1 | G10: 1309 | H10: =G10/MAX($G$2:$G$25) -> 0.85892388 | I10: 0.53598256 | J10: 0.57028203 | K10: 3912.5039 | L10: =G10+RANDBETWEEN(-G10/10,G10/10) -> 1434 | O10: 0.49434531
A11: 0.46024285 | B11: =RAND()*0.08 -> 0.02471513 | C11: =A11+B11 -> 0.48495798 | D11: 9 | E11: 0 | F11: 1 | G11: 1187 | H11: =G11/MAX($G$2:$G$25) -> 0.77887139 | I11: 0.47394155 | J11: 0.59443619 | K11: 4085.9813 | L11: =G11+RANDBETWEEN(-G11/10,G11/10) -> 1147 | O11: 0.41422196
A12: 0.44264931 | B12: =RAND()*0.08 -> 0.013055884 | C12: =A12+B12 -> 0.4557052 | D12: 10 | E12: 0 | F12: 1 | G12: 1429 | H12: =G12/MAX($G$2:$G$25) -> 0.93766404 | I12: 0.45281839 | J12: 0.60890378 | K12: 4233.7891 | L12: =G12+RANDBETWEEN(-G12/10,G12/10) -> 1564 | O12: 0.38487245
A13: 0.42075981 | B13: =RAND()*0.08 -> 0.04413116 | C13: =A13+B13 -> 0.46489097 | D13: 11 | E13: 0 | F13: 1 | G13: 1524 | H13: =G13/MAX($G$2:$G$25) -> 1 | I13: 0.44003827 | J13: 0.61509828 | K13: 4383.7891 | L13: =G13+RANDBETWEEN(-G13/10,G13/10) -> 1628 | O13: 0.36387744
... A25: 0.79152859 | B25: =RAND()*0.08 -> 0.034411003 | C25: =A25+B25 -> 0.82593959 | D25: 23 | E25: 0 | F25: 1 | G25: 779 | H25: =G25/MAX($G$2:$G$25) -> 0.51115486 | I25: 0.7426956 | J25: 0.569907 | K25: 3919.3086 | L25: =G25+RANDBETWEEN(-G25/10,G25/10) -> 780 | O25: 0.73992361
A26: 0.69355196 | B26: =RAND()*0.08 -> 0.060338837 | C26: =A26+B26 -> 0.7538908 | D26: 24 | E26: 1 | F26: 2 | G26: 808 | H26: =G26/MAX($G$2:$G$25) -> 0.53018373 | L26: =G26+RANDBETWEEN(-G26/10,G26/10) -> 784 | O26: 0.43255225
A27: 0.63139713 | B27: =RAND()*0.08 -> 0.034651424 | C27: =A27+B27 -> 0.66604856 | D27: 25 | E27: 1 | F27: 2 | G27: 782 | H27: =G27/MAX($G$2:$G$25) -> 0.51312336 | L27: =G27+RANDBETWEEN(-G27/10,G27/10) -> 824 | O27: 0.49651678
A28: 0.66934644 | B28: =RAND()*0.08 -> 0.011467459 | C28: =A28+B28 -> 0.6808139 | D28: 26 | E28: 1 | F28: 2 | G28: 947 | H28: =G28/MAX($G$2:$G$25) -> 0.62139108 | L28: =G28+RANDBETWEEN(-G28/10,G28/10) -> 861 | O28: 0.57061431
A29: 0.66812905 | B29: =RAND()*0.08 -> 0.018351727 | C29: =A29+B29 -> 0.68648077 | D29: 27 | E29: 1 | F29: 2 | G29: 989 | H29: =G29/MAX($G$2:$G$25) -> 0.64895013 | L29: =G29+RANDBETWEEN(-G29/10,G29/10) -> 1003 | O29: 0.61937935
A30: 0.59196748 | B30: =RAND()*0.08 -> 0.035272897 | C30: =A30+B30 -> 0.62724037 | D30: 28 | E30: 1 | F30: 2 | G30: 791 | H30: =G30/MAX($G$2:$G$25) -> 0.51902887 | L30: =G30+RANDBETWEEN(-G30/10,G30/10) -> 866 | O30: 0.57568081
A31: 0.68408132 | B31: =RAND()*0.08 -> 0.051120927 | C31: =A31+B31 -> 0.73520225 | D31: 29 | E31: 1 | F31: 2 | G31: 989 | H31: =G31/MAX($G$2:$G$25) -> 0.64895013 | L31: =G31+RANDBETWEEN(-G31/10,G31/10) -> 907 | O31: 0.64344522
A32: 0.70364079 | B32: =RAND()*0.08 -> 0.065684348 | C32: =A32+B32 -> 0.76932514 | D32: 30 | E32: 1 | F32: 2 | G32: 1234 | H32: =G32/MAX($G$2:$G$25) -> 0.80971129 | L32: =G32+RANDBETWEEN(-G32/10,G32/10) -> 1295 | O32: 0.78340722
A33: 0.6667834 | B33: =RAND()*0.08 -> 0.056122854 | C33: =A33+B33 -> 0.72290626 | D33: 31 | E33: 1 | F33: 2 | G33: 1232 | H33: =G33/MAX($G$2:$G$25) -> 0.80839895 | L33: =G33+RANDBETWEEN(-G33/10,G33/10) -> 1115 | O33: 0.76124129
A34: 0.51100396 | B34: =RAND()*0.08 -> 0.058958827 | C34: =A34+B34 -> 0.56996279 | D34: 32 | E34: 1 | F34: 2 | G34: 1287 | H34: =G34/MAX($G$2:$G$25) -> 0.84448819 | L34: =G34+RANDBETWEEN(-G34/10,G34/10) -> 1319 | O34: 0.86953768
A35: 0.4624977 | B35: =RAND()*0.08 -> 0.0043697986 | C35: =A35+B35 -> 0.4668675 | D35: 33 | E35: 1 | F35: 2 | G35: 1599 | H35: =G35/MAX($G$2:$G$25) -> 1.0492126 | L35: =G35+RANDBETWEEN(-G35/10,G35/10) -> 1742 | O35: 0.89930336
A36: 0.43243149 | B36: =RAND()*0.08 -> 0.065273966 | C36: =A36+B36 -> 0.49770545 | D36: 34 | E36: 1 | F36: 2 | G36: 1448 | H36: =G36/MAX($G$2:$G$25) -> 0.95013123 | L36: =G36+RANDBETWEEN(-G36/10,G36/10) -> 1429 | O36: 0.91893604
A37: 0.39917558 | B37: =RAND()*0.08 -> 0.02594583 | C37: =A37+B37 -> 0.42512141 | D37: 35 | E37: 1 | F37: 2 | G37: 1490 | H37: =G37/MAX($G$2:$G$25) -> 0.97769029 | L37: =G37+RANDBETWEEN(-G37/10,G37/10) -> 1611 | O37: 0.88347055
... A8737: 0.58027249 | B8737: =RAND()*0.08 -> 0.0070158032 | C8737: =A8737+B8737 -> 0.5872883 | D8737: 8735 | E8737: 363 | F8737: 364 | G8737: 890 | H8737: =G8737/MAX($G$2:$G$25) -> 0.5839895 | L8737: =G8737+RANDBETWEEN(-G8737/10,G8737/10) -> 891 | O8737: 0.54844839
A8738: 0.075763459 | B8738: =RAND()*0.08 -> 0.052435177 | C8738: =A8738+B8738 -> 0.12819864 | G8738: 0 | H8738: =G8738/MAX($G$2:$G$25) -> 0 | L8738: =G8738+RANDBETWEEN(-G8738/10,G8738/10) -> 0 | O8738: 0

Sheet Sheet1
A1: 0.6567776 | C1: 0.6567776
A2: 0.62954537 | C2: 0.62954537
A3: 0.5894216 | C3: 0.5894216
A4: 0.60171105 | C4: 0.60171105
A5: 0.58602222 | C5: 0.58602222
A6: 0.61482618 | C6: 0.61482618
A7: 0.64479807 | C7: 0.64479807
A8: 0.61110199 | C8: 0.61110199
A9: 0.49434531 | C9: 0.49434531
A10: 0.41422196 | C10: 0.41422196
A11: 0.38487245 | C11: 0.38487245
A12: 0.36387744 | C12: 0.36387744
... A24: 0.73992361 | C24: 0.73992361
C25: 0.6567776
C26: 0.62954537
C27: 0.5894216
C28: 0.60171105
C29: 0.58602222
C30: 0.61482618
C31: 0.64479807
C32: 0.61110199
C33: 0.49434531
C34: 0.41422196
C35: 0.38487245
C36: 0.36387744
... C168: 0.73865647

Sheet price
B1: base | C1: error | D1: temp | E1: c1
A2: 1 | B2: 10 | C2: =RAND() -> 0.016709165 | D2: =B2+C2*B2*5 -> 10.835458 | E2: 37.188623
A3: 2 | B3: 10 | C3: =RAND() -> 0.61201285 | D3: =B3+C3*B3*5 -> 40.600642 | E3: 26.322613
A4: 3 | B4: 10 | C4: =RAND() -> 0.58489932 | D4: =B4+C4*B4*5 -> 39.244966 | E4: 22.065734
A5: 4 | B5: 10 | C5: =RAND() -> 0.30176325 | D5: =B5+C5*B5*5 -> 25.088163 | E5: 11.057242
A6: 5 | B6: 10 | C6: =RAND() -> 0.96947638 | D6: =B6+C6*B6*5 -> 58.473819 | E6: 29.93492
A7: 6 | B7: 10 | C7: =RAND() -> 0.13035272 | D7: =B7+C7*B7*5 -> 16.517636 | E7: 28.56471
A8: 7 | B8: 10 | C8: =RAND() -> 0.53315721 | D8: =B8+C8*B8*5 -> 36.657861 | E8: 17.273718
A9: 8 | B9: 10 | C9: =RAND() -> 0.91049714 | D9: =B9+C9*B9*5 -> 55.524857 | E9: 29.234503
A10: 9 | B10: 10 | C10: =RAND() -> 0.26684334 | D10: =B10+C10*B10*5 -> 23.342167 | E10: 37.726779
A11: 10 | B11: 10 | C11: =RAND() -> 0.46311995 | D11: =B11+C11*B11*5 -> 33.155997 | E11: 22.574914
A12: 11 | B12: 10 | C12: =RAND() -> 0.66988906 | D12: =B12+C12*B12*5 -> 43.494453 | E12: 55.926345
A13: 12 | B13: 10 | C13: =RAND() -> 0.71915133 | D13: =B13+C13*B13*5 -> 45.957566 | E13: 54.609002
... A8737: 8736 | B8737: 10 | C8737: =RAND() -> 0.083925905 | D8737: =B8737+C8737*B8737*5 -> 14.196295 | E8737: 16.383315
